[23-Jan-2026 19:47:25 Europe/Budapest] PHP Warning:  include(php/fuggvenyek.php): Failed to open stream: No such file or directory in C:\xampp\htdocs\GitHub\autoberles\index.php on line 18
[23-Jan-2026 19:47:25 Europe/Budapest] PHP Warning:  include(): Failed opening 'php/fuggvenyek.php' for inclusion (include_path='C:\xampp\php\PEAR') in C:\xampp\htdocs\GitHub\autoberles\index.php on line 18
[23-Jan-2026 19:47:25 Europe/Budapest] PHP Fatal error:  Uncaught mysqli_sql_exception: Access denied for user 'weblap'@'localhost' (using password: YES) in C:\xampp\htdocs\GitHub\autoberles\php\adatbaziskapcsolat.php:56
Stack trace:
#0 C:\xampp\htdocs\GitHub\autoberles\php\adatbaziskapcsolat.php(56): mysqli_connect('localhost', 'weblap', Object(SensitiveParameterValue), 'kolcsonzo')
#1 C:\xampp\htdocs\GitHub\autoberles\php\adatbaziskapcsolat.php(7): adatbazis_kapcsolat->_kapcsolodas()
#2 C:\xampp\htdocs\GitHub\autoberles\index.php(21): include('C:\\xampp\\htdocs...')
#3 {main}
  thrown in C:\xampp\htdocs\GitHub\autoberles\php\adatbaziskapcsolat.php on line 56
[23-Jan-2026 19:47:50 Europe/Budapest] PHP Fatal error:  Uncaught mysqli_sql_exception: Access denied for user 'weblap'@'localhost' (using password: YES) in C:\xampp\htdocs\GitHub\autoberles\php\adatbaziskapcsolat.php:56
Stack trace:
#0 C:\xampp\htdocs\GitHub\autoberles\php\adatbaziskapcsolat.php(56): mysqli_connect('localhost', 'weblap', Object(SensitiveParameterValue), 'kolcsonzo')
#1 C:\xampp\htdocs\GitHub\autoberles\php\adatbaziskapcsolat.php(7): adatbazis_kapcsolat->_kapcsolodas()
#2 C:\xampp\htdocs\GitHub\autoberles\index.php(21): include('C:\\xampp\\htdocs...')
#3 {main}
  thrown in C:\xampp\htdocs\GitHub\autoberles\php\adatbaziskapcsolat.php on line 56
[23-Jan-2026 19:50:24 Europe/Budapest] PHP Fatal error:  Uncaught mysqli_sql_exception: Access denied for user 'weblap'@'localhost' (using password: YES) in C:\xampp\htdocs\GitHub\autoberles\php\adatbaziskapcsolat.php:56
Stack trace:
#0 C:\xampp\htdocs\GitHub\autoberles\php\adatbaziskapcsolat.php(56): mysqli_connect('localhost', 'weblap', Object(SensitiveParameterValue), 'kolcsonzo')
#1 C:\xampp\htdocs\GitHub\autoberles\php\adatbaziskapcsolat.php(7): adatbazis_kapcsolat->_kapcsolodas()
#2 C:\xampp\htdocs\GitHub\autoberles\index.php(21): include('C:\\xampp\\htdocs...')
#3 {main}
  thrown in C:\xampp\htdocs\GitHub\autoberles\php\adatbaziskapcsolat.php on line 56
[23-Jan-2026 19:57:49 Europe/Budapest] PHP Warning:  Undefined variable $database_db in C:\xampp\htdocs\GitHub\autoberles\php\adatbaziskapcsolat.php on line 4
[23-Jan-2026 19:57:49 Europe/Budapest] PHP Warning:  Undefined variable $datbase_password in C:\xampp\htdocs\GitHub\autoberles\php\adatbaziskapcsolat.php on line 36
[23-Jan-2026 19:57:49 Europe/Budapest] PHP Fatal error:  Uncaught mysqli_sql_exception: Access denied for user 'weblap'@'localhost' (using password: NO) in C:\xampp\htdocs\GitHub\autoberles\php\adatbaziskapcsolat.php:56
Stack trace:
#0 C:\xampp\htdocs\GitHub\autoberles\php\adatbaziskapcsolat.php(56): mysqli_connect('localhost', 'weblap', Object(SensitiveParameterValue), NULL)
#1 C:\xampp\htdocs\GitHub\autoberles\php\adatbaziskapcsolat.php(7): adatbazis_kapcsolat->_kapcsolodas()
#2 C:\xampp\htdocs\GitHub\autoberles\index.php(21): include('C:\\xampp\\htdocs...')
#3 {main}
  thrown in C:\xampp\htdocs\GitHub\autoberles\php\adatbaziskapcsolat.php on line 56
[23-Jan-2026 19:58:13 Europe/Budapest] PHP Warning:  Undefined variable $datbase_password in C:\xampp\htdocs\GitHub\autoberles\php\adatbaziskapcsolat.php on line 36
[23-Jan-2026 19:58:13 Europe/Budapest] PHP Fatal error:  Uncaught mysqli_sql_exception: Access denied for user 'weblap'@'localhost' (using password: NO) in C:\xampp\htdocs\GitHub\autoberles\php\adatbaziskapcsolat.php:56
Stack trace:
#0 C:\xampp\htdocs\GitHub\autoberles\php\adatbaziskapcsolat.php(56): mysqli_connect('localhost', 'weblap', Object(SensitiveParameterValue), 'kolcsonzo')
#1 C:\xampp\htdocs\GitHub\autoberles\php\adatbaziskapcsolat.php(7): adatbazis_kapcsolat->_kapcsolodas()
#2 C:\xampp\htdocs\GitHub\autoberles\index.php(21): include('C:\\xampp\\htdocs...')
#3 {main}
  thrown in C:\xampp\htdocs\GitHub\autoberles\php\adatbaziskapcsolat.php on line 56
[23-Jan-2026 19:58:53 Europe/Budapest] PHP Warning:  Undefined variable $datbase_password in C:\xampp\htdocs\GitHub\autoberles\php\adatbaziskapcsolat.php on line 36
[23-Jan-2026 19:58:53 Europe/Budapest] PHP Fatal error:  Uncaught mysqli_sql_exception: Access denied for user 'weblap'@'localhost' (using password: NO) in C:\xampp\htdocs\GitHub\autoberles\php\adatbaziskapcsolat.php:56
Stack trace:
#0 C:\xampp\htdocs\GitHub\autoberles\php\adatbaziskapcsolat.php(56): mysqli_connect('localhost', 'weblap', Object(SensitiveParameterValue), 'kolcsonzo')
#1 C:\xampp\htdocs\GitHub\autoberles\php\adatbaziskapcsolat.php(7): adatbazis_kapcsolat->_kapcsolodas()
#2 C:\xampp\htdocs\GitHub\autoberles\index.php(21): include('C:\\xampp\\htdocs...')
#3 {main}
  thrown in C:\xampp\htdocs\GitHub\autoberles\php\adatbaziskapcsolat.php on line 56
[23-Jan-2026 19:59:08 Europe/Budapest] PHP Fatal error:  Uncaught mysqli_sql_exception: Access denied for user 'weblap'@'localhost' (using password: YES) in C:\xampp\htdocs\GitHub\autoberles\php\adatbaziskapcsolat.php:56
Stack trace:
#0 C:\xampp\htdocs\GitHub\autoberles\php\adatbaziskapcsolat.php(56): mysqli_connect('localhost', 'weblap', Object(SensitiveParameterValue), 'kolcsonzo')
#1 C:\xampp\htdocs\GitHub\autoberles\php\adatbaziskapcsolat.php(7): adatbazis_kapcsolat->_kapcsolodas()
#2 C:\xampp\htdocs\GitHub\autoberles\index.php(21): include('C:\\xampp\\htdocs...')
#3 {main}
  thrown in C:\xampp\htdocs\GitHub\autoberles\php\adatbaziskapcsolat.php on line 56
[23-Jan-2026 19:59:49 Europe/Budapest] PHP Fatal error:  Uncaught mysqli_sql_exception: Access denied for user ''@'localhost' (using password: NO) in C:\xampp\htdocs\GitHub\autoberles\php\adatbaziskapcsolat.php:56
Stack trace:
#0 C:\xampp\htdocs\GitHub\autoberles\php\adatbaziskapcsolat.php(56): mysqli_connect('localhost', '', Object(SensitiveParameterValue), 'kolcsonzo')
#1 C:\xampp\htdocs\GitHub\autoberles\php\adatbaziskapcsolat.php(7): adatbazis_kapcsolat->_kapcsolodas()
#2 C:\xampp\htdocs\GitHub\autoberles\index.php(21): include('C:\\xampp\\htdocs...')
#3 {main}
  thrown in C:\xampp\htdocs\GitHub\autoberles\php\adatbaziskapcsolat.php on line 56
[23-Jan-2026 20:18:15 Europe/Budapest] PHP Fatal error:  Uncaught mysqli_sql_exception: Access denied for user ''@'localhost' (using password: NO) in D:\xampp\htdocs\backend\autoberles\php\adatbaziskapcsolat.php:56
Stack trace:
#0 D:\xampp\htdocs\backend\autoberles\php\adatbaziskapcsolat.php(56): mysqli_connect('localhost', '', Object(SensitiveParameterValue), 'kolcsonzo')
#1 D:\xampp\htdocs\backend\autoberles\php\adatbaziskapcsolat.php(7): adatbazis_kapcsolat->_kapcsolodas()
#2 D:\xampp\htdocs\backend\autoberles\index.php(21): include('D:\\xampp\\htdocs...')
#3 {main}
  thrown in D:\xampp\htdocs\backend\autoberles\php\adatbaziskapcsolat.php on line 56
[23-Jan-2026 20:22:06 Europe/Budapest] PHP Fatal error:  Uncaught mysqli_sql_exception: Access denied for user ''@'localhost' (using password: NO) in D:\xampp\htdocs\backend\autoberles\php\adatbaziskapcsolat.php:56
Stack trace:
#0 D:\xampp\htdocs\backend\autoberles\php\adatbaziskapcsolat.php(56): mysqli_connect('localhost', '', Object(SensitiveParameterValue), 'kolcsonzo')
#1 D:\xampp\htdocs\backend\autoberles\php\adatbaziskapcsolat.php(7): adatbazis_kapcsolat->_kapcsolodas()
#2 D:\xampp\htdocs\backend\autoberles\index.php(21): include('D:\\xampp\\htdocs...')
#3 {main}
  thrown in D:\xampp\htdocs\backend\autoberles\php\adatbaziskapcsolat.php on line 56
[23-Jan-2026 20:23:53 Europe/Budapest] PHP Warning:  require_once(D:\xampp\htdocs\backend\autoberles/import/phpmailer/src/Exception.php): Failed to open stream: No such file or directory in D:\xampp\htdocs\backend\autoberles\php\levelezes.php on line 9
[23-Jan-2026 20:23:53 Europe/Budapest] PHP Warning:  Undefined variable $belepve in D:\xampp\htdocs\backend\autoberles\index.php on line 46
[23-Jan-2026 20:23:53 Europe/Budapest] PHP Warning:  include(html/oldal.html): Failed to open stream: No such file or directory in D:\xampp\htdocs\backend\autoberles\index.php on line 137
[23-Jan-2026 20:23:53 Europe/Budapest] PHP Warning:  include(): Failed opening 'html/oldal.html' for inclusion (include_path='D:\xampp\php\PEAR') in D:\xampp\htdocs\backend\autoberles\index.php on line 137
[23-Jan-2026 20:25:06 Europe/Budapest] PHP Warning:  require_once(D:\xampp\htdocs\backend\autoberles/import/phpmailer/src/Exception.php): Failed to open stream: No such file or directory in D:\xampp\htdocs\backend\autoberles\php\levelezes.php on line 9
[23-Jan-2026 20:25:12 Europe/Budapest] PHP Warning:  require_once(D:\xampp\htdocs\backend\autoberles/import/phpmailer/src/Exception.php): Failed to open stream: No such file or directory in D:\xampp\htdocs\backend\autoberles\php\levelezes.php on line 9
[23-Jan-2026 20:25:12 Europe/Budapest] PHP Warning:  require_once(D:\xampp\htdocs\backend\autoberles/import/phpmailer/src/Exception.php): Failed to open stream: No such file or directory in D:\xampp\htdocs\backend\autoberles\php\levelezes.php on line 9
[23-Jan-2026 20:25:13 Europe/Budapest] PHP Warning:  require_once(D:\xampp\htdocs\backend\autoberles/import/phpmailer/src/Exception.php): Failed to open stream: No such file or directory in D:\xampp\htdocs\backend\autoberles\php\levelezes.php on line 9
[23-Jan-2026 20:25:27 Europe/Budapest] PHP Warning:  require_once(D:\xampp\htdocs\backend\autoberles/import/phpmailer/src/Exception.php): Failed to open stream: No such file or directory in D:\xampp\htdocs\backend\autoberles\php\levelezes.php on line 9
[23-Jan-2026 21:41:02 Europe/Budapest] PHP Warning:  Undefined variable $menupont in D:\xampp\htdocs\backend\autoberles\index.php on line 47
[23-Jan-2026 21:41:03 Europe/Budapest] PHP Warning:  Undefined variable $menupont in D:\xampp\htdocs\backend\autoberles\index.php on line 47
[23-Jan-2026 21:41:31 Europe/Budapest] PHP Warning:  Undefined variable $menupont in D:\xampp\htdocs\backend\autoberles\index.php on line 47
[23-Jan-2026 21:41:32 Europe/Budapest] PHP Warning:  Undefined variable $menupont in D:\xampp\htdocs\backend\autoberles\index.php on line 47
[23-Jan-2026 21:41:58 Europe/Budapest] PHP Warning:  Undefined variable $autok in D:\xampp\htdocs\backend\autoberles\html\jarmuvek.html on line 4
[23-Jan-2026 21:41:58 Europe/Budapest] PHP Fatal error:  Uncaught Error: Call to a member function _autok_lista() on null in D:\xampp\htdocs\backend\autoberles\html\jarmuvek.html:4
Stack trace:
#0 D:\xampp\htdocs\backend\autoberles\index.php(46): include()
#1 {main}
  thrown in D:\xampp\htdocs\backend\autoberles\html\jarmuvek.html on line 4
[23-Jan-2026 21:41:59 Europe/Budapest] PHP Warning:  Undefined variable $autok in D:\xampp\htdocs\backend\autoberles\html\jarmuvek.html on line 4
[23-Jan-2026 21:41:59 Europe/Budapest] PHP Fatal error:  Uncaught Error: Call to a member function _autok_lista() on null in D:\xampp\htdocs\backend\autoberles\html\jarmuvek.html:4
Stack trace:
#0 D:\xampp\htdocs\backend\autoberles\index.php(46): include()
#1 {main}
  thrown in D:\xampp\htdocs\backend\autoberles\html\jarmuvek.html on line 4
[23-Jan-2026 21:42:16 Europe/Budapest] PHP Parse error:  syntax error, unexpected token ";", expecting "function" or "const" in D:\xampp\htdocs\backend\autoberles\php\jarmuvek.php on line 91
[23-Jan-2026 21:42:16 Europe/Budapest] PHP Parse error:  syntax error, unexpected token ";", expecting "function" or "const" in D:\xampp\htdocs\backend\autoberles\php\jarmuvek.php on line 91
[23-Jan-2026 21:42:19 Europe/Budapest] PHP Parse error:  syntax error, unexpected token ";", expecting "function" or "const" in D:\xampp\htdocs\backend\autoberles\php\jarmuvek.php on line 91
[23-Jan-2026 21:42:20 Europe/Budapest] PHP Parse error:  syntax error, unexpected token ";", expecting "function" or "const" in D:\xampp\htdocs\backend\autoberles\php\jarmuvek.php on line 91
[23-Jan-2026 21:42:37 Europe/Budapest] PHP Warning:  Undefined variable $autok in D:\xampp\htdocs\backend\autoberles\html\jarmuvek.html on line 4
[23-Jan-2026 21:42:37 Europe/Budapest] PHP Fatal error:  Uncaught Error: Call to a member function _autok_lista() on null in D:\xampp\htdocs\backend\autoberles\html\jarmuvek.html:4
Stack trace:
#0 D:\xampp\htdocs\backend\autoberles\index.php(46): include()
#1 {main}
  thrown in D:\xampp\htdocs\backend\autoberles\html\jarmuvek.html on line 4
[23-Jan-2026 21:42:56 Europe/Budapest] PHP Parse error:  syntax error, unexpected token ";", expecting "function" or "const" in D:\xampp\htdocs\backend\autoberles\php\jarmuvek.php on line 91
[23-Jan-2026 21:43:39 Europe/Budapest] PHP Warning:  Undefined variable $menupont in D:\xampp\htdocs\backend\autoberles\index.php on line 47
[23-Jan-2026 21:43:40 Europe/Budapest] PHP Warning:  Undefined variable $menupont in D:\xampp\htdocs\backend\autoberles\index.php on line 47
[23-Jan-2026 21:43:41 Europe/Budapest] PHP Warning:  Undefined variable $menupont in D:\xampp\htdocs\backend\autoberles\index.php on line 47
[23-Jan-2026 21:43:41 Europe/Budapest] PHP Warning:  Undefined variable $menupont in D:\xampp\htdocs\backend\autoberles\index.php on line 47
[23-Jan-2026 21:44:27 Europe/Budapest] PHP Warning:  Undefined variable $menupont in D:\xampp\htdocs\backend\autoberles\index.php on line 47
[24-Jan-2026 19:33:40 Europe/Budapest] PHP Warning:  Undefined array key "ev" in D:\xampp\htdocs\backend\autoberles\php\jarmuvek.php on line 77
[24-Jan-2026 19:49:49 Europe/Budapest] PHP Warning:  Undefined property: autok::$evjarat in D:\xampp\htdocs\backend\autoberles\html\jarmufelvetel.html on line 20
[24-Jan-2026 19:50:54 Europe/Budapest] PHP Warning:  Undefined property: autok::$evjarat in D:\xampp\htdocs\backend\autoberles\html\jarmufelvetel.html on line 20
[24-Jan-2026 19:51:04 Europe/Budapest] PHP Warning:  Undefined property: autok::$evjarat in D:\xampp\htdocs\backend\autoberles\html\jarmufelvetel.html on line 20
[24-Jan-2026 20:02:36 Europe/Budapest] PHP Warning:  Undefined variable $autok in D:\xampp\htdocs\backend\autoberles\index.php on line 53
[24-Jan-2026 20:02:36 Europe/Budapest] PHP Fatal error:  Uncaught Error: Call to a member function ment() on null in D:\xampp\htdocs\backend\autoberles\index.php:53
Stack trace:
#0 {main}
  thrown in D:\xampp\htdocs\backend\autoberles\index.php on line 53
[25-Jan-2026 18:15:38 Europe/Budapest] PHP Fatal error:  Uncaught ArgumentCountError: Too few arguments to function autok::torles(), 0 passed in D:\xampp\htdocs\backend\autoberles\html\torlesmegerosites.html on line 1 and exactly 1 expected in D:\xampp\htdocs\backend\autoberles\php\jarmuvek.php:272
Stack trace:
#0 D:\xampp\htdocs\backend\autoberles\html\torlesmegerosites.html(1): autok->torles()
#1 D:\xampp\htdocs\backend\autoberles\php\jarmuvek.php(33): include('D:\\xampp\\htdocs...')
#2 D:\xampp\htdocs\backend\autoberles\index.php(49): include('D:\\xampp\\htdocs...')
#3 {main}
  thrown in D:\xampp\htdocs\backend\autoberles\php\jarmuvek.php on line 272
[25-Jan-2026 18:16:01 Europe/Budapest] PHP Fatal error:  Uncaught ArgumentCountError: Too few arguments to function autok::torles(), 0 passed in D:\xampp\htdocs\backend\autoberles\html\torlesmegerosites.html on line 1 and exactly 1 expected in D:\xampp\htdocs\backend\autoberles\php\jarmuvek.php:272
Stack trace:
#0 D:\xampp\htdocs\backend\autoberles\html\torlesmegerosites.html(1): autok->torles()
#1 D:\xampp\htdocs\backend\autoberles\php\jarmuvek.php(33): include('D:\\xampp\\htdocs...')
#2 D:\xampp\htdocs\backend\autoberles\index.php(49): include('D:\\xampp\\htdocs...')
#3 {main}
  thrown in D:\xampp\htdocs\backend\autoberles\php\jarmuvek.php on line 272
[25-Jan-2026 18:16:55 Europe/Budapest] PHP Parse error:  syntax error, unexpected token "else", expecting "case" or "default" or "}" in D:\xampp\htdocs\backend\autoberles\php\jarmuvek.php on line 34
[25-Jan-2026 18:42:58 Europe/Budapest] PHP Parse error:  syntax error, unexpected token "else" in D:\xampp\htdocs\backend\autoberles\php\jarmuvek.php on line 36
[25-Jan-2026 18:43:07 Europe/Budapest] PHP Parse error:  syntax error, unexpected token "default" in D:\xampp\htdocs\backend\autoberles\php\jarmuvek.php on line 37
[25-Jan-2026 18:43:08 Europe/Budapest] PHP Parse error:  syntax error, unexpected token "default" in D:\xampp\htdocs\backend\autoberles\php\jarmuvek.php on line 37
[25-Jan-2026 19:12:44 Europe/Budapest] PHP Warning:  Undefined array key "logout" in D:\xampp\htdocs\backend\autoberles\index.php on line 49
[25-Jan-2026 19:12:57 Europe/Budapest] PHP Warning:  Undefined array key "logout" in D:\xampp\htdocs\backend\autoberles\index.php on line 49
[25-Jan-2026 19:12:58 Europe/Budapest] PHP Warning:  Undefined array key "logout" in D:\xampp\htdocs\backend\autoberles\index.php on line 49
[25-Jan-2026 19:13:01 Europe/Budapest] PHP Warning:  Undefined array key "logout" in D:\xampp\htdocs\backend\autoberles\index.php on line 49
[25-Jan-2026 19:13:01 Europe/Budapest] PHP Warning:  Undefined array key "logout" in D:\xampp\htdocs\backend\autoberles\index.php on line 49
[25-Jan-2026 19:13:02 Europe/Budapest] PHP Warning:  Undefined array key "logout" in D:\xampp\htdocs\backend\autoberles\index.php on line 49
[25-Jan-2026 19:13:09 Europe/Budapest] PHP Warning:  Undefined array key "logout" in D:\xampp\htdocs\backend\autoberles\index.php on line 49
[25-Jan-2026 19:13:10 Europe/Budapest] PHP Warning:  Undefined array key "logout" in D:\xampp\htdocs\backend\autoberles\index.php on line 49
[28-Jan-2026 21:30:45 Europe/Budapest] PHP Parse error:  syntax error, unexpected token "else", expecting "case" or "default" or "}" in D:\xampp\htdocs\backend\autoberles\php\jarmuvek.php on line 51
[28-Jan-2026 21:31:52 Europe/Budapest] PHP Parse error:  syntax error, unexpected token "else", expecting "case" or "default" or "}" in D:\xampp\htdocs\backend\autoberles\php\jarmuvek.php on line 48
[01-Feb-2026 09:40:10 Europe/Budapest] PHP Warning:  Undefined variable $autok in D:\xampp\htdocs\backend\autoberles\html\jarmufelvetel.html on line 1
[01-Feb-2026 09:40:10 Europe/Budapest] PHP Warning:  Attempt to read property "muvelet" on null in D:\xampp\htdocs\backend\autoberles\html\jarmufelvetel.html on line 1
[01-Feb-2026 09:40:10 Europe/Budapest] PHP Warning:  Undefined variable $autok in D:\xampp\htdocs\backend\autoberles\html\jarmufelvetel.html on line 4
[01-Feb-2026 09:40:10 Europe/Budapest] PHP Warning:  Attempt to read property "auto_id" on null in D:\xampp\htdocs\backend\autoberles\html\jarmufelvetel.html on line 4
[01-Feb-2026 09:40:10 Europe/Budapest] PHP Warning:  Undefined variable $autok in D:\xampp\htdocs\backend\autoberles\html\jarmufelvetel.html on line 10
[01-Feb-2026 09:40:10 Europe/Budapest] PHP Warning:  Attempt to read property "marka" on null in D:\xampp\htdocs\backend\autoberles\html\jarmufelvetel.html on line 10
[01-Feb-2026 09:40:10 Europe/Budapest] PHP Warning:  Undefined variable $autok in D:\xampp\htdocs\backend\autoberles\html\jarmufelvetel.html on line 15
[01-Feb-2026 09:40:10 Europe/Budapest] PHP Warning:  Attempt to read property "modell" on null in D:\xampp\htdocs\backend\autoberles\html\jarmufelvetel.html on line 15
[01-Feb-2026 09:40:10 Europe/Budapest] PHP Warning:  Undefined variable $autok in D:\xampp\htdocs\backend\autoberles\html\jarmufelvetel.html on line 20
[01-Feb-2026 09:40:10 Europe/Budapest] PHP Warning:  Attempt to read property "evjarat" on null in D:\xampp\htdocs\backend\autoberles\html\jarmufelvetel.html on line 20
[01-Feb-2026 09:40:10 Europe/Budapest] PHP Warning:  Undefined variable $autok in D:\xampp\htdocs\backend\autoberles\html\jarmufelvetel.html on line 25
[01-Feb-2026 09:40:10 Europe/Budapest] PHP Warning:  Attempt to read property "alvazszam" on null in D:\xampp\htdocs\backend\autoberles\html\jarmufelvetel.html on line 25
[01-Feb-2026 09:40:10 Europe/Budapest] PHP Warning:  Undefined variable $autok in D:\xampp\htdocs\backend\autoberles\html\jarmufelvetel.html on line 30
[01-Feb-2026 09:40:10 Europe/Budapest] PHP Warning:  Attempt to read property "rendszam" on null in D:\xampp\htdocs\backend\autoberles\html\jarmufelvetel.html on line 30
[01-Feb-2026 09:40:10 Europe/Budapest] PHP Warning:  Undefined variable $autok in D:\xampp\htdocs\backend\autoberles\html\jarmufelvetel.html on line 35
[01-Feb-2026 09:40:10 Europe/Budapest] PHP Warning:  Attempt to read property "napi_dij" on null in D:\xampp\htdocs\backend\autoberles\html\jarmufelvetel.html on line 35
[01-Feb-2026 09:40:10 Europe/Budapest] PHP Warning:  Undefined variable $autok in D:\xampp\htdocs\backend\autoberles\html\jarmufelvetel.html on line 45
[01-Feb-2026 09:40:10 Europe/Budapest] PHP Warning:  Attempt to read property "uzenet" on null in D:\xampp\htdocs\backend\autoberles\html\jarmufelvetel.html on line 45
[01-Feb-2026 09:40:40 Europe/Budapest] PHP Warning:  include(html/felhasznalofelvetel.html): Failed to open stream: No such file or directory in D:\xampp\htdocs\backend\autoberles\php\felhasznalok.php on line 8
[01-Feb-2026 09:40:40 Europe/Budapest] PHP Warning:  include(): Failed opening 'html/felhasznalofelvetel.html' for inclusion (include_path='D:\xampp\php\PEAR') in D:\xampp\htdocs\backend\autoberles\php\felhasznalok.php on line 8
[01-Feb-2026 09:42:07 Europe/Budapest] PHP Warning:  Undefined variable $felhasznalokezeles in D:\xampp\htdocs\backend\autoberles\html\felhasznalofelvetel.html on line 17
[01-Feb-2026 09:42:07 Europe/Budapest] PHP Warning:  Attempt to read property "hibauzenet" on null in D:\xampp\htdocs\backend\autoberles\html\felhasznalofelvetel.html on line 17
[01-Feb-2026 09:42:07 Europe/Budapest] PHP Warning:  Undefined variable $felhasznalokezeles in D:\xampp\htdocs\backend\autoberles\html\felhasznalofelvetel.html on line 19
[01-Feb-2026 09:42:07 Europe/Budapest] PHP Warning:  Attempt to read property "name" on null in D:\xampp\htdocs\backend\autoberles\html\felhasznalofelvetel.html on line 19
[01-Feb-2026 09:42:07 Europe/Budapest] PHP Warning:  Undefined variable $felhasznalokezeles in D:\xampp\htdocs\backend\autoberles\html\felhasznalofelvetel.html on line 21
[01-Feb-2026 09:42:07 Europe/Budapest] PHP Warning:  Attempt to read property "loginname" on null in D:\xampp\htdocs\backend\autoberles\html\felhasznalofelvetel.html on line 21
[01-Feb-2026 09:42:07 Europe/Budapest] PHP Warning:  Undefined variable $felhasznalokezeles in D:\xampp\htdocs\backend\autoberles\html\felhasznalofelvetel.html on line 23
[01-Feb-2026 09:42:07 Europe/Budapest] PHP Warning:  Attempt to read property "email" on null in D:\xampp\htdocs\backend\autoberles\html\felhasznalofelvetel.html on line 23
[01-Feb-2026 09:42:07 Europe/Budapest] PHP Warning:  Undefined variable $felhasznalokezeles in D:\xampp\htdocs\backend\autoberles\html\felhasznalofelvetel.html on line 28
[01-Feb-2026 09:42:07 Europe/Budapest] PHP Warning:  Attempt to read property "password1" on null in D:\xampp\htdocs\backend\autoberles\html\felhasznalofelvetel.html on line 28
[01-Feb-2026 09:42:07 Europe/Budapest] PHP Warning:  Undefined variable $felhasznalokezeles in D:\xampp\htdocs\backend\autoberles\html\felhasznalofelvetel.html on line 28
[01-Feb-2026 09:42:07 Europe/Budapest] PHP Warning:  Attempt to read property "password2" on null in D:\xampp\htdocs\backend\autoberles\html\felhasznalofelvetel.html on line 28
[01-Feb-2026 09:42:07 Europe/Budapest] PHP Warning:  Undefined variable $felhasznalokezeles in D:\xampp\htdocs\backend\autoberles\html\felhasznalofelvetel.html on line 28
[01-Feb-2026 09:42:07 Europe/Budapest] PHP Warning:  Attempt to read property "reminder" on null in D:\xampp\htdocs\backend\autoberles\html\felhasznalofelvetel.html on line 28
[01-Feb-2026 10:02:28 Europe/Budapest] PHP Deprecated:  Creation of dynamic property felhasznalok::$sqlCommand is deprecated in D:\xampp\htdocs\backend\autoberles\php\felhasznalok.php on line 98
[01-Feb-2026 10:02:28 Europe/Budapest] PHP Fatal error:  Uncaught mysqli_sql_exception: You have an error in your SQL syntax; check the manual that corresponds to your MariaDB server version for the right syntax to use near 'FROM     user
                              ORDER BY name' at line 8 in D:\xampp\htdocs\backend\autoberles\php\felhasznalok.php:112
Stack trace:
#0 D:\xampp\htdocs\backend\autoberles\php\felhasznalok.php(112): mysqli_query(Object(mysqli), 'SELECT   id,\r\n ...')
#1 D:\xampp\htdocs\backend\autoberles\html\felhasznalok.html(4): felhasznalok->felhasznalo_lista()
#2 D:\xampp\htdocs\backend\autoberles\php\felhasznalok.php(52): include('D:\\xampp\\htdocs...')
#3 D:\xampp\htdocs\backend\autoberles\index.php(65): include('D:\\xampp\\htdocs...')
#4 {main}
  thrown in D:\xampp\htdocs\backend\autoberles\php\felhasznalok.php on line 112
[01-Feb-2026 10:03:14 Europe/Budapest] PHP Fatal error:  Uncaught mysqli_sql_exception: You have an error in your SQL syntax; check the manual that corresponds to your MariaDB server version for the right syntax to use near 'FROM     user
                              ORDER BY name' at line 8 in D:\xampp\htdocs\backend\autoberles\php\felhasznalok.php:113
Stack trace:
#0 D:\xampp\htdocs\backend\autoberles\php\felhasznalok.php(113): mysqli_query(Object(mysqli), 'SELECT   id,\r\n ...')
#1 D:\xampp\htdocs\backend\autoberles\html\felhasznalok.html(4): felhasznalok->felhasznalo_lista()
#2 D:\xampp\htdocs\backend\autoberles\php\felhasznalok.php(52): include('D:\\xampp\\htdocs...')
#3 D:\xampp\htdocs\backend\autoberles\index.php(65): include('D:\\xampp\\htdocs...')
#4 {main}
  thrown in D:\xampp\htdocs\backend\autoberles\php\felhasznalok.php on line 113
[01-Feb-2026 10:03:31 Europe/Budapest] PHP Warning:  Undefined variable $felhasznalokezeles in D:\xampp\htdocs\backend\autoberles\html\felhasznalofelvetel.html on line 17
[01-Feb-2026 10:03:31 Europe/Budapest] PHP Warning:  Attempt to read property "hibauzenet" on null in D:\xampp\htdocs\backend\autoberles\html\felhasznalofelvetel.html on line 17
[01-Feb-2026 10:03:31 Europe/Budapest] PHP Warning:  Undefined variable $felhasznalokezeles in D:\xampp\htdocs\backend\autoberles\html\felhasznalofelvetel.html on line 19
[01-Feb-2026 10:03:31 Europe/Budapest] PHP Warning:  Attempt to read property "name" on null in D:\xampp\htdocs\backend\autoberles\html\felhasznalofelvetel.html on line 19
[01-Feb-2026 10:03:31 Europe/Budapest] PHP Warning:  Undefined variable $felhasznalokezeles in D:\xampp\htdocs\backend\autoberles\html\felhasznalofelvetel.html on line 21
[01-Feb-2026 10:03:31 Europe/Budapest] PHP Warning:  Attempt to read property "loginname" on null in D:\xampp\htdocs\backend\autoberles\html\felhasznalofelvetel.html on line 21
[01-Feb-2026 10:03:31 Europe/Budapest] PHP Warning:  Undefined variable $felhasznalokezeles in D:\xampp\htdocs\backend\autoberles\html\felhasznalofelvetel.html on line 23
[01-Feb-2026 10:03:31 Europe/Budapest] PHP Warning:  Attempt to read property "email" on null in D:\xampp\htdocs\backend\autoberles\html\felhasznalofelvetel.html on line 23
[01-Feb-2026 10:03:31 Europe/Budapest] PHP Warning:  Undefined variable $felhasznalokezeles in D:\xampp\htdocs\backend\autoberles\html\felhasznalofelvetel.html on line 28
[01-Feb-2026 10:03:31 Europe/Budapest] PHP Warning:  Attempt to read property "password1" on null in D:\xampp\htdocs\backend\autoberles\html\felhasznalofelvetel.html on line 28
[01-Feb-2026 10:03:31 Europe/Budapest] PHP Warning:  Undefined variable $felhasznalokezeles in D:\xampp\htdocs\backend\autoberles\html\felhasznalofelvetel.html on line 30
[01-Feb-2026 10:03:31 Europe/Budapest] PHP Warning:  Attempt to read property "password2" on null in D:\xampp\htdocs\backend\autoberles\html\felhasznalofelvetel.html on line 30
[01-Feb-2026 10:03:31 Europe/Budapest] PHP Warning:  Undefined variable $felhasznalokezeles in D:\xampp\htdocs\backend\autoberles\html\felhasznalofelvetel.html on line 32
[01-Feb-2026 10:03:31 Europe/Budapest] PHP Warning:  Attempt to read property "reminder" on null in D:\xampp\htdocs\backend\autoberles\html\felhasznalofelvetel.html on line 32
[01-Feb-2026 10:03:35 Europe/Budapest] PHP Fatal error:  Uncaught mysqli_sql_exception: You have an error in your SQL syntax; check the manual that corresponds to your MariaDB server version for the right syntax to use near 'FROM     user
                              ORDER BY name' at line 8 in D:\xampp\htdocs\backend\autoberles\php\felhasznalok.php:113
Stack trace:
#0 D:\xampp\htdocs\backend\autoberles\php\felhasznalok.php(113): mysqli_query(Object(mysqli), 'SELECT   id,\r\n ...')
#1 D:\xampp\htdocs\backend\autoberles\html\felhasznalok.html(4): felhasznalok->felhasznalo_lista()
#2 D:\xampp\htdocs\backend\autoberles\php\felhasznalok.php(52): include('D:\\xampp\\htdocs...')
#3 D:\xampp\htdocs\backend\autoberles\index.php(65): include('D:\\xampp\\htdocs...')
#4 {main}
  thrown in D:\xampp\htdocs\backend\autoberles\php\felhasznalok.php on line 113
[01-Feb-2026 10:07:07 Europe/Budapest] PHP Deprecated:  Creation of dynamic property felhasznalok::$muvelet is deprecated in D:\xampp\htdocs\backend\autoberles\php\felhasznalok.php on line 85
[01-Feb-2026 10:07:07 Europe/Budapest] PHP Fatal error:  Uncaught mysqli_sql_exception: You have an error in your SQL syntax; check the manual that corresponds to your MariaDB server version for the right syntax to use near 'FROM     user
                              ORDER BY name' at line 8 in D:\xampp\htdocs\backend\autoberles\php\felhasznalok.php:112
Stack trace:
#0 D:\xampp\htdocs\backend\autoberles\php\felhasznalok.php(112): mysqli_query(Object(mysqli), 'SELECT   id,\r\n ...')
#1 D:\xampp\htdocs\backend\autoberles\html\felhasznalok.html(4): felhasznalok->felhasznalo_lista()
#2 D:\xampp\htdocs\backend\autoberles\php\felhasznalok.php(52): include('D:\\xampp\\htdocs...')
#3 D:\xampp\htdocs\backend\autoberles\index.php(65): include('D:\\xampp\\htdocs...')
#4 {main}
  thrown in D:\xampp\htdocs\backend\autoberles\php\felhasznalok.php on line 112
[01-Feb-2026 10:07:40 Europe/Budapest] PHP Fatal error:  Uncaught mysqli_sql_exception: You have an error in your SQL syntax; check the manual that corresponds to your MariaDB server version for the right syntax to use near 'FROM     user
                              ORDER BY name' at line 8 in D:\xampp\htdocs\backend\autoberles\php\felhasznalok.php:107
Stack trace:
#0 D:\xampp\htdocs\backend\autoberles\php\felhasznalok.php(107): mysqli_query(Object(mysqli), 'SELECT   id,\r\n ...')
#1 D:\xampp\htdocs\backend\autoberles\html\felhasznalok.html(4): felhasznalok->felhasznalo_lista()
#2 D:\xampp\htdocs\backend\autoberles\php\felhasznalok.php(52): include('D:\\xampp\\htdocs...')
#3 D:\xampp\htdocs\backend\autoberles\index.php(65): include('D:\\xampp\\htdocs...')
#4 {main}
  thrown in D:\xampp\htdocs\backend\autoberles\php\felhasznalok.php on line 107
[01-Feb-2026 10:07:57 Europe/Budapest] PHP Warning:  Undefined variable $editcommand in D:\xampp\htdocs\backend\autoberles\php\felhasznalok.php on line 145
[01-Feb-2026 10:07:57 Europe/Budapest] PHP Warning:  Undefined variable $deletecommand in D:\xampp\htdocs\backend\autoberles\php\felhasznalok.php on line 145
[01-Feb-2026 10:07:57 Europe/Budapest] PHP Warning:  Undefined variable $activatecommand in D:\xampp\htdocs\backend\autoberles\php\felhasznalok.php on line 145
[01-Feb-2026 10:08:10 Europe/Budapest] PHP Warning:  Undefined array key "state" in D:\xampp\htdocs\backend\autoberles\php\felhasznalok.php on line 131
[01-Feb-2026 10:10:20 Europe/Budapest] PHP Parse error:  syntax error, unexpected double-quoted string "<td></td>" in D:\xampp\htdocs\backend\autoberles\php\felhasznalok.php on line 146
[01-Feb-2026 10:10:39 Europe/Budapest] PHP Parse error:  syntax error, unexpected double-quoted string "</td><td>" in D:\xampp\htdocs\backend\autoberles\php\felhasznalok.php on line 146
[01-Feb-2026 10:10:47 Europe/Budapest] PHP Parse error:  syntax error, unexpected double-quoted string "</td><td>" in D:\xampp\htdocs\backend\autoberles\php\felhasznalok.php on line 146
[01-Feb-2026 10:10:48 Europe/Budapest] PHP Parse error:  syntax error, unexpected double-quoted string "</td><td>" in D:\xampp\htdocs\backend\autoberles\php\felhasznalok.php on line 146
[01-Feb-2026 10:10:48 Europe/Budapest] PHP Parse error:  syntax error, unexpected double-quoted string "</td><td>" in D:\xampp\htdocs\backend\autoberles\php\felhasznalok.php on line 146
[01-Feb-2026 10:10:58 Europe/Budapest] PHP Parse error:  syntax error, unexpected double-quoted string "</td><td>" in D:\xampp\htdocs\backend\autoberles\php\felhasznalok.php on line 146
[01-Feb-2026 10:17:14 Europe/Budapest] PHP Warning:  Undefined variable $delcommand in D:\xampp\htdocs\backend\autoberles\php\felhasznalok.php on line 147
[01-Feb-2026 10:17:14 Europe/Budapest] PHP Warning:  Undefined variable $HTMLSorok in D:\xampp\htdocs\backend\autoberles\php\felhasznalok.php on line 147
[01-Feb-2026 10:17:23 Europe/Budapest] PHP Warning:  Undefined variable $delcommand in D:\xampp\htdocs\backend\autoberles\php\felhasznalok.php on line 147
[01-Feb-2026 10:17:23 Europe/Budapest] PHP Warning:  Undefined variable $HTMLSorok in D:\xampp\htdocs\backend\autoberles\php\felhasznalok.php on line 147
[01-Feb-2026 10:17:24 Europe/Budapest] PHP Warning:  Undefined variable $delcommand in D:\xampp\htdocs\backend\autoberles\php\felhasznalok.php on line 147
[01-Feb-2026 10:17:24 Europe/Budapest] PHP Warning:  Undefined variable $HTMLSorok in D:\xampp\htdocs\backend\autoberles\php\felhasznalok.php on line 147
[01-Feb-2026 10:17:25 Europe/Budapest] PHP Warning:  Undefined variable $delcommand in D:\xampp\htdocs\backend\autoberles\php\felhasznalok.php on line 147
[01-Feb-2026 10:17:25 Europe/Budapest] PHP Warning:  Undefined variable $HTMLSorok in D:\xampp\htdocs\backend\autoberles\php\felhasznalok.php on line 147
[01-Feb-2026 10:18:20 Europe/Budapest] PHP Parse error:  syntax error, unexpected token "<" in D:\xampp\htdocs\backend\autoberles\php\felhasznalok.php on line 147
[01-Feb-2026 10:18:27 Europe/Budapest] PHP Parse error:  syntax error, unexpected token "<" in D:\xampp\htdocs\backend\autoberles\php\felhasznalok.php on line 147
[01-Feb-2026 10:18:28 Europe/Budapest] PHP Parse error:  syntax error, unexpected token "<" in D:\xampp\htdocs\backend\autoberles\php\felhasznalok.php on line 147
[01-Feb-2026 10:22:26 Europe/Budapest] PHP Warning:  Undefined variable $row in D:\xampp\htdocs\backend\autoberles\php\jarmuvek.php on line 120
[01-Feb-2026 10:22:26 Europe/Budapest] PHP Warning:  Trying to access array offset on value of type null in D:\xampp\htdocs\backend\autoberles\php\jarmuvek.php on line 120
[01-Feb-2026 10:22:26 Europe/Budapest] PHP Warning:  Undefined variable $row in D:\xampp\htdocs\backend\autoberles\php\jarmuvek.php on line 125
[01-Feb-2026 10:22:26 Europe/Budapest] PHP Warning:  Trying to access array offset on value of type null in D:\xampp\htdocs\backend\autoberles\php\jarmuvek.php on line 125
[01-Feb-2026 10:22:26 Europe/Budapest] PHP Warning:  Undefined variable $activatecommand in D:\xampp\htdocs\backend\autoberles\php\jarmuvek.php on line 137
[01-Feb-2026 10:22:26 Europe/Budapest] PHP Warning:  Undefined variable $HTMLlines in D:\xampp\htdocs\backend\autoberles\php\jarmuvek.php on line 137
[01-Feb-2026 10:22:26 Europe/Budapest] PHP Warning:  Undefined variable $row in D:\xampp\htdocs\backend\autoberles\php\jarmuvek.php on line 120
[01-Feb-2026 10:22:26 Europe/Budapest] PHP Warning:  Trying to access array offset on value of type null in D:\xampp\htdocs\backend\autoberles\php\jarmuvek.php on line 120
[01-Feb-2026 10:22:26 Europe/Budapest] PHP Warning:  Undefined variable $row in D:\xampp\htdocs\backend\autoberles\php\jarmuvek.php on line 125
[01-Feb-2026 10:22:26 Europe/Budapest] PHP Warning:  Trying to access array offset on value of type null in D:\xampp\htdocs\backend\autoberles\php\jarmuvek.php on line 125
[01-Feb-2026 10:22:26 Europe/Budapest] PHP Warning:  Undefined variable $activatecommand in D:\xampp\htdocs\backend\autoberles\php\jarmuvek.php on line 137
[01-Feb-2026 10:22:35 Europe/Budapest] PHP Warning:  Undefined variable $row in D:\xampp\htdocs\backend\autoberles\php\jarmuvek.php on line 120
[01-Feb-2026 10:22:35 Europe/Budapest] PHP Warning:  Trying to access array offset on value of type null in D:\xampp\htdocs\backend\autoberles\php\jarmuvek.php on line 120
[01-Feb-2026 10:22:35 Europe/Budapest] PHP Warning:  Undefined variable $row in D:\xampp\htdocs\backend\autoberles\php\jarmuvek.php on line 125
[01-Feb-2026 10:22:35 Europe/Budapest] PHP Warning:  Trying to access array offset on value of type null in D:\xampp\htdocs\backend\autoberles\php\jarmuvek.php on line 125
[01-Feb-2026 10:22:35 Europe/Budapest] PHP Warning:  Undefined variable $HTMLlines in D:\xampp\htdocs\backend\autoberles\php\jarmuvek.php on line 137
[01-Feb-2026 10:22:35 Europe/Budapest] PHP Warning:  Undefined variable $row in D:\xampp\htdocs\backend\autoberles\php\jarmuvek.php on line 120
[01-Feb-2026 10:22:35 Europe/Budapest] PHP Warning:  Trying to access array offset on value of type null in D:\xampp\htdocs\backend\autoberles\php\jarmuvek.php on line 120
[01-Feb-2026 10:22:35 Europe/Budapest] PHP Warning:  Undefined variable $row in D:\xampp\htdocs\backend\autoberles\php\jarmuvek.php on line 125
[01-Feb-2026 10:22:35 Europe/Budapest] PHP Warning:  Trying to access array offset on value of type null in D:\xampp\htdocs\backend\autoberles\php\jarmuvek.php on line 125
[01-Feb-2026 10:24:17 Europe/Budapest] PHP Warning:  Undefined variable $felhasznalokezeles in D:\xampp\htdocs\backend\autoberles\html\felhasznalofelvetel.html on line 17
[01-Feb-2026 10:24:17 Europe/Budapest] PHP Warning:  Attempt to read property "hibauzenet" on null in D:\xampp\htdocs\backend\autoberles\html\felhasznalofelvetel.html on line 17
[01-Feb-2026 10:24:17 Europe/Budapest] PHP Warning:  Undefined variable $felhasznalokezeles in D:\xampp\htdocs\backend\autoberles\html\felhasznalofelvetel.html on line 19
[01-Feb-2026 10:24:17 Europe/Budapest] PHP Warning:  Attempt to read property "name" on null in D:\xampp\htdocs\backend\autoberles\html\felhasznalofelvetel.html on line 19
[01-Feb-2026 10:24:17 Europe/Budapest] PHP Warning:  Undefined variable $felhasznalokezeles in D:\xampp\htdocs\backend\autoberles\html\felhasznalofelvetel.html on line 21
[01-Feb-2026 10:24:17 Europe/Budapest] PHP Warning:  Attempt to read property "loginname" on null in D:\xampp\htdocs\backend\autoberles\html\felhasznalofelvetel.html on line 21
[01-Feb-2026 10:24:17 Europe/Budapest] PHP Warning:  Undefined variable $felhasznalokezeles in D:\xampp\htdocs\backend\autoberles\html\felhasznalofelvetel.html on line 23
[01-Feb-2026 10:24:17 Europe/Budapest] PHP Warning:  Attempt to read property "email" on null in D:\xampp\htdocs\backend\autoberles\html\felhasznalofelvetel.html on line 23
[01-Feb-2026 10:24:17 Europe/Budapest] PHP Warning:  Undefined variable $felhasznalokezeles in D:\xampp\htdocs\backend\autoberles\html\felhasznalofelvetel.html on line 28
[01-Feb-2026 10:24:17 Europe/Budapest] PHP Warning:  Attempt to read property "password1" on null in D:\xampp\htdocs\backend\autoberles\html\felhasznalofelvetel.html on line 28
[01-Feb-2026 10:24:17 Europe/Budapest] PHP Warning:  Undefined variable $felhasznalokezeles in D:\xampp\htdocs\backend\autoberles\html\felhasznalofelvetel.html on line 30
[01-Feb-2026 10:24:17 Europe/Budapest] PHP Warning:  Attempt to read property "password2" on null in D:\xampp\htdocs\backend\autoberles\html\felhasznalofelvetel.html on line 30
[01-Feb-2026 10:24:17 Europe/Budapest] PHP Warning:  Undefined variable $felhasznalokezeles in D:\xampp\htdocs\backend\autoberles\html\felhasznalofelvetel.html on line 32
[01-Feb-2026 10:24:17 Europe/Budapest] PHP Warning:  Attempt to read property "reminder" on null in D:\xampp\htdocs\backend\autoberles\html\felhasznalofelvetel.html on line 32
[01-Feb-2026 10:25:32 Europe/Budapest] PHP Warning:  Undefined variable $felhasznalokezeles in D:\xampp\htdocs\backend\autoberles\html\felhasznalofelvetel.html on line 17
[01-Feb-2026 10:25:32 Europe/Budapest] PHP Warning:  Attempt to read property "hibauzenet" on null in D:\xampp\htdocs\backend\autoberles\html\felhasznalofelvetel.html on line 17
[01-Feb-2026 10:25:32 Europe/Budapest] PHP Warning:  Undefined variable $felhasznalokezeles in D:\xampp\htdocs\backend\autoberles\html\felhasznalofelvetel.html on line 19
[01-Feb-2026 10:25:32 Europe/Budapest] PHP Warning:  Attempt to read property "name" on null in D:\xampp\htdocs\backend\autoberles\html\felhasznalofelvetel.html on line 19
[01-Feb-2026 10:25:32 Europe/Budapest] PHP Warning:  Undefined variable $felhasznalokezeles in D:\xampp\htdocs\backend\autoberles\html\felhasznalofelvetel.html on line 21
[01-Feb-2026 10:25:32 Europe/Budapest] PHP Warning:  Attempt to read property "loginname" on null in D:\xampp\htdocs\backend\autoberles\html\felhasznalofelvetel.html on line 21
[01-Feb-2026 10:25:32 Europe/Budapest] PHP Warning:  Undefined variable $felhasznalokezeles in D:\xampp\htdocs\backend\autoberles\html\felhasznalofelvetel.html on line 23
[01-Feb-2026 10:25:32 Europe/Budapest] PHP Warning:  Attempt to read property "email" on null in D:\xampp\htdocs\backend\autoberles\html\felhasznalofelvetel.html on line 23
[01-Feb-2026 10:25:32 Europe/Budapest] PHP Warning:  Undefined variable $felhasznalokezeles in D:\xampp\htdocs\backend\autoberles\html\felhasznalofelvetel.html on line 28
[01-Feb-2026 10:25:32 Europe/Budapest] PHP Warning:  Attempt to read property "password1" on null in D:\xampp\htdocs\backend\autoberles\html\felhasznalofelvetel.html on line 28
[01-Feb-2026 10:25:32 Europe/Budapest] PHP Warning:  Undefined variable $felhasznalokezeles in D:\xampp\htdocs\backend\autoberles\html\felhasznalofelvetel.html on line 30
[01-Feb-2026 10:25:32 Europe/Budapest] PHP Warning:  Attempt to read property "password2" on null in D:\xampp\htdocs\backend\autoberles\html\felhasznalofelvetel.html on line 30
[01-Feb-2026 10:25:32 Europe/Budapest] PHP Warning:  Undefined variable $felhasznalokezeles in D:\xampp\htdocs\backend\autoberles\html\felhasznalofelvetel.html on line 32
[01-Feb-2026 10:25:32 Europe/Budapest] PHP Warning:  Attempt to read property "reminder" on null in D:\xampp\htdocs\backend\autoberles\html\felhasznalofelvetel.html on line 32
[01-Feb-2026 10:25:54 Europe/Budapest] PHP Warning:  Undefined variable $felhasznalokezeles in D:\xampp\htdocs\backend\autoberles\html\felhasznalofelvetel.html on line 17
[01-Feb-2026 10:25:54 Europe/Budapest] PHP Warning:  Attempt to read property "hibauzenet" on null in D:\xampp\htdocs\backend\autoberles\html\felhasznalofelvetel.html on line 17
[01-Feb-2026 10:25:54 Europe/Budapest] PHP Warning:  Undefined variable $felhasznalokezeles in D:\xampp\htdocs\backend\autoberles\html\felhasznalofelvetel.html on line 19
[01-Feb-2026 10:25:54 Europe/Budapest] PHP Warning:  Attempt to read property "name" on null in D:\xampp\htdocs\backend\autoberles\html\felhasznalofelvetel.html on line 19
[01-Feb-2026 10:25:54 Europe/Budapest] PHP Warning:  Undefined variable $felhasznalokezeles in D:\xampp\htdocs\backend\autoberles\html\felhasznalofelvetel.html on line 21
[01-Feb-2026 10:25:54 Europe/Budapest] PHP Warning:  Attempt to read property "loginname" on null in D:\xampp\htdocs\backend\autoberles\html\felhasznalofelvetel.html on line 21
[01-Feb-2026 10:25:54 Europe/Budapest] PHP Warning:  Undefined variable $felhasznalokezeles in D:\xampp\htdocs\backend\autoberles\html\felhasznalofelvetel.html on line 23
[01-Feb-2026 10:25:54 Europe/Budapest] PHP Warning:  Attempt to read property "email" on null in D:\xampp\htdocs\backend\autoberles\html\felhasznalofelvetel.html on line 23
[01-Feb-2026 10:25:54 Europe/Budapest] PHP Warning:  Undefined variable $felhasznalokezeles in D:\xampp\htdocs\backend\autoberles\html\felhasznalofelvetel.html on line 28
[01-Feb-2026 10:25:54 Europe/Budapest] PHP Warning:  Attempt to read property "password1" on null in D:\xampp\htdocs\backend\autoberles\html\felhasznalofelvetel.html on line 28
[01-Feb-2026 10:25:54 Europe/Budapest] PHP Warning:  Undefined variable $felhasznalokezeles in D:\xampp\htdocs\backend\autoberles\html\felhasznalofelvetel.html on line 30
[01-Feb-2026 10:25:54 Europe/Budapest] PHP Warning:  Attempt to read property "password2" on null in D:\xampp\htdocs\backend\autoberles\html\felhasznalofelvetel.html on line 30
[01-Feb-2026 10:25:54 Europe/Budapest] PHP Warning:  Undefined variable $felhasznalokezeles in D:\xampp\htdocs\backend\autoberles\html\felhasznalofelvetel.html on line 32
[01-Feb-2026 10:25:54 Europe/Budapest] PHP Warning:  Attempt to read property "reminder" on null in D:\xampp\htdocs\backend\autoberles\html\felhasznalofelvetel.html on line 32
[01-Feb-2026 10:25:55 Europe/Budapest] PHP Warning:  Undefined variable $felhasznalokezeles in D:\xampp\htdocs\backend\autoberles\html\felhasznalofelvetel.html on line 17
[01-Feb-2026 10:25:55 Europe/Budapest] PHP Warning:  Attempt to read property "hibauzenet" on null in D:\xampp\htdocs\backend\autoberles\html\felhasznalofelvetel.html on line 17
[01-Feb-2026 10:25:55 Europe/Budapest] PHP Warning:  Undefined variable $felhasznalokezeles in D:\xampp\htdocs\backend\autoberles\html\felhasznalofelvetel.html on line 19
[01-Feb-2026 10:25:55 Europe/Budapest] PHP Warning:  Attempt to read property "name" on null in D:\xampp\htdocs\backend\autoberles\html\felhasznalofelvetel.html on line 19
[01-Feb-2026 10:25:55 Europe/Budapest] PHP Warning:  Undefined variable $felhasznalokezeles in D:\xampp\htdocs\backend\autoberles\html\felhasznalofelvetel.html on line 21
[01-Feb-2026 10:25:55 Europe/Budapest] PHP Warning:  Attempt to read property "loginname" on null in D:\xampp\htdocs\backend\autoberles\html\felhasznalofelvetel.html on line 21
[01-Feb-2026 10:25:55 Europe/Budapest] PHP Warning:  Undefined variable $felhasznalokezeles in D:\xampp\htdocs\backend\autoberles\html\felhasznalofelvetel.html on line 23
[01-Feb-2026 10:25:55 Europe/Budapest] PHP Warning:  Attempt to read property "email" on null in D:\xampp\htdocs\backend\autoberles\html\felhasznalofelvetel.html on line 23
[01-Feb-2026 10:25:55 Europe/Budapest] PHP Warning:  Undefined variable $felhasznalokezeles in D:\xampp\htdocs\backend\autoberles\html\felhasznalofelvetel.html on line 28
[01-Feb-2026 10:25:55 Europe/Budapest] PHP Warning:  Attempt to read property "password1" on null in D:\xampp\htdocs\backend\autoberles\html\felhasznalofelvetel.html on line 28
[01-Feb-2026 10:25:55 Europe/Budapest] PHP Warning:  Undefined variable $felhasznalokezeles in D:\xampp\htdocs\backend\autoberles\html\felhasznalofelvetel.html on line 30
[01-Feb-2026 10:25:55 Europe/Budapest] PHP Warning:  Attempt to read property "password2" on null in D:\xampp\htdocs\backend\autoberles\html\felhasznalofelvetel.html on line 30
[01-Feb-2026 10:25:55 Europe/Budapest] PHP Warning:  Undefined variable $felhasznalokezeles in D:\xampp\htdocs\backend\autoberles\html\felhasznalofelvetel.html on line 32
[01-Feb-2026 10:25:55 Europe/Budapest] PHP Warning:  Attempt to read property "reminder" on null in D:\xampp\htdocs\backend\autoberles\html\felhasznalofelvetel.html on line 32
[01-Feb-2026 10:25:58 Europe/Budapest] PHP Warning:  Undefined variable $felhasznalokezeles in D:\xampp\htdocs\backend\autoberles\html\felhasznalofelvetel.html on line 17
[01-Feb-2026 10:25:58 Europe/Budapest] PHP Warning:  Attempt to read property "hibauzenet" on null in D:\xampp\htdocs\backend\autoberles\html\felhasznalofelvetel.html on line 17
[01-Feb-2026 10:25:58 Europe/Budapest] PHP Warning:  Undefined variable $felhasznalokezeles in D:\xampp\htdocs\backend\autoberles\html\felhasznalofelvetel.html on line 19
[01-Feb-2026 10:25:58 Europe/Budapest] PHP Warning:  Attempt to read property "name" on null in D:\xampp\htdocs\backend\autoberles\html\felhasznalofelvetel.html on line 19
[01-Feb-2026 10:25:58 Europe/Budapest] PHP Warning:  Undefined variable $felhasznalokezeles in D:\xampp\htdocs\backend\autoberles\html\felhasznalofelvetel.html on line 21
[01-Feb-2026 10:25:58 Europe/Budapest] PHP Warning:  Attempt to read property "loginname" on null in D:\xampp\htdocs\backend\autoberles\html\felhasznalofelvetel.html on line 21
[01-Feb-2026 10:25:58 Europe/Budapest] PHP Warning:  Undefined variable $felhasznalokezeles in D:\xampp\htdocs\backend\autoberles\html\felhasznalofelvetel.html on line 23
[01-Feb-2026 10:25:58 Europe/Budapest] PHP Warning:  Attempt to read property "email" on null in D:\xampp\htdocs\backend\autoberles\html\felhasznalofelvetel.html on line 23
[01-Feb-2026 10:25:58 Europe/Budapest] PHP Warning:  Undefined variable $felhasznalokezeles in D:\xampp\htdocs\backend\autoberles\html\felhasznalofelvetel.html on line 28
[01-Feb-2026 10:25:58 Europe/Budapest] PHP Warning:  Attempt to read property "password1" on null in D:\xampp\htdocs\backend\autoberles\html\felhasznalofelvetel.html on line 28
[01-Feb-2026 10:25:58 Europe/Budapest] PHP Warning:  Undefined variable $felhasznalokezeles in D:\xampp\htdocs\backend\autoberles\html\felhasznalofelvetel.html on line 30
[01-Feb-2026 10:25:58 Europe/Budapest] PHP Warning:  Attempt to read property "password2" on null in D:\xampp\htdocs\backend\autoberles\html\felhasznalofelvetel.html on line 30
[01-Feb-2026 10:25:58 Europe/Budapest] PHP Warning:  Undefined variable $felhasznalokezeles in D:\xampp\htdocs\backend\autoberles\html\felhasznalofelvetel.html on line 32
[01-Feb-2026 10:25:58 Europe/Budapest] PHP Warning:  Attempt to read property "reminder" on null in D:\xampp\htdocs\backend\autoberles\html\felhasznalofelvetel.html on line 32
[01-Feb-2026 10:25:59 Europe/Budapest] PHP Warning:  Undefined variable $felhasznalokezeles in D:\xampp\htdocs\backend\autoberles\html\felhasznalofelvetel.html on line 17
[01-Feb-2026 10:25:59 Europe/Budapest] PHP Warning:  Attempt to read property "hibauzenet" on null in D:\xampp\htdocs\backend\autoberles\html\felhasznalofelvetel.html on line 17
[01-Feb-2026 10:25:59 Europe/Budapest] PHP Warning:  Undefined variable $felhasznalokezeles in D:\xampp\htdocs\backend\autoberles\html\felhasznalofelvetel.html on line 19
[01-Feb-2026 10:25:59 Europe/Budapest] PHP Warning:  Attempt to read property "name" on null in D:\xampp\htdocs\backend\autoberles\html\felhasznalofelvetel.html on line 19
[01-Feb-2026 10:25:59 Europe/Budapest] PHP Warning:  Undefined variable $felhasznalokezeles in D:\xampp\htdocs\backend\autoberles\html\felhasznalofelvetel.html on line 21
[01-Feb-2026 10:25:59 Europe/Budapest] PHP Warning:  Attempt to read property "loginname" on null in D:\xampp\htdocs\backend\autoberles\html\felhasznalofelvetel.html on line 21
[01-Feb-2026 10:25:59 Europe/Budapest] PHP Warning:  Undefined variable $felhasznalokezeles in D:\xampp\htdocs\backend\autoberles\html\felhasznalofelvetel.html on line 23
[01-Feb-2026 10:25:59 Europe/Budapest] PHP Warning:  Attempt to read property "email" on null in D:\xampp\htdocs\backend\autoberles\html\felhasznalofelvetel.html on line 23
[01-Feb-2026 10:25:59 Europe/Budapest] PHP Warning:  Undefined variable $felhasznalokezeles in D:\xampp\htdocs\backend\autoberles\html\felhasznalofelvetel.html on line 28
[01-Feb-2026 10:25:59 Europe/Budapest] PHP Warning:  Attempt to read property "password1" on null in D:\xampp\htdocs\backend\autoberles\html\felhasznalofelvetel.html on line 28
[01-Feb-2026 10:25:59 Europe/Budapest] PHP Warning:  Undefined variable $felhasznalokezeles in D:\xampp\htdocs\backend\autoberles\html\felhasznalofelvetel.html on line 30
[01-Feb-2026 10:25:59 Europe/Budapest] PHP Warning:  Attempt to read property "password2" on null in D:\xampp\htdocs\backend\autoberles\html\felhasznalofelvetel.html on line 30
[01-Feb-2026 10:25:59 Europe/Budapest] PHP Warning:  Undefined variable $felhasznalokezeles in D:\xampp\htdocs\backend\autoberles\html\felhasznalofelvetel.html on line 32
[01-Feb-2026 10:25:59 Europe/Budapest] PHP Warning:  Attempt to read property "reminder" on null in D:\xampp\htdocs\backend\autoberles\html\felhasznalofelvetel.html on line 32
[01-Feb-2026 10:26:00 Europe/Budapest] PHP Warning:  Undefined variable $felhasznalokezeles in D:\xampp\htdocs\backend\autoberles\html\felhasznalofelvetel.html on line 17
[01-Feb-2026 10:26:00 Europe/Budapest] PHP Warning:  Attempt to read property "hibauzenet" on null in D:\xampp\htdocs\backend\autoberles\html\felhasznalofelvetel.html on line 17
[01-Feb-2026 10:26:00 Europe/Budapest] PHP Warning:  Undefined variable $felhasznalokezeles in D:\xampp\htdocs\backend\autoberles\html\felhasznalofelvetel.html on line 19
[01-Feb-2026 10:26:00 Europe/Budapest] PHP Warning:  Attempt to read property "name" on null in D:\xampp\htdocs\backend\autoberles\html\felhasznalofelvetel.html on line 19
[01-Feb-2026 10:26:00 Europe/Budapest] PHP Warning:  Undefined variable $felhasznalokezeles in D:\xampp\htdocs\backend\autoberles\html\felhasznalofelvetel.html on line 21
[01-Feb-2026 10:26:00 Europe/Budapest] PHP Warning:  Attempt to read property "loginname" on null in D:\xampp\htdocs\backend\autoberles\html\felhasznalofelvetel.html on line 21
[01-Feb-2026 10:26:00 Europe/Budapest] PHP Warning:  Undefined variable $felhasznalokezeles in D:\xampp\htdocs\backend\autoberles\html\felhasznalofelvetel.html on line 23
[01-Feb-2026 10:26:00 Europe/Budapest] PHP Warning:  Attempt to read property "email" on null in D:\xampp\htdocs\backend\autoberles\html\felhasznalofelvetel.html on line 23
[01-Feb-2026 10:26:00 Europe/Budapest] PHP Warning:  Undefined variable $felhasznalokezeles in D:\xampp\htdocs\backend\autoberles\html\felhasznalofelvetel.html on line 28
[01-Feb-2026 10:26:00 Europe/Budapest] PHP Warning:  Attempt to read property "password1" on null in D:\xampp\htdocs\backend\autoberles\html\felhasznalofelvetel.html on line 28
[01-Feb-2026 10:26:00 Europe/Budapest] PHP Warning:  Undefined variable $felhasznalokezeles in D:\xampp\htdocs\backend\autoberles\html\felhasznalofelvetel.html on line 30
[01-Feb-2026 10:26:00 Europe/Budapest] PHP Warning:  Attempt to read property "password2" on null in D:\xampp\htdocs\backend\autoberles\html\felhasznalofelvetel.html on line 30
[01-Feb-2026 10:26:00 Europe/Budapest] PHP Warning:  Undefined variable $felhasznalokezeles in D:\xampp\htdocs\backend\autoberles\html\felhasznalofelvetel.html on line 32
[01-Feb-2026 10:26:00 Europe/Budapest] PHP Warning:  Attempt to read property "reminder" on null in D:\xampp\htdocs\backend\autoberles\html\felhasznalofelvetel.html on line 32
[01-Feb-2026 10:26:14 Europe/Budapest] PHP Warning:  Undefined variable $felhasznalokezeles in D:\xampp\htdocs\backend\autoberles\html\felhasznalofelvetel.html on line 17
[01-Feb-2026 10:26:14 Europe/Budapest] PHP Warning:  Attempt to read property "uzenet" on null in D:\xampp\htdocs\backend\autoberles\html\felhasznalofelvetel.html on line 17
[01-Feb-2026 10:26:14 Europe/Budapest] PHP Warning:  Undefined variable $felhasznalokezeles in D:\xampp\htdocs\backend\autoberles\html\felhasznalofelvetel.html on line 19
[01-Feb-2026 10:26:14 Europe/Budapest] PHP Warning:  Attempt to read property "name" on null in D:\xampp\htdocs\backend\autoberles\html\felhasznalofelvetel.html on line 19
[01-Feb-2026 10:26:14 Europe/Budapest] PHP Warning:  Undefined variable $felhasznalokezeles in D:\xampp\htdocs\backend\autoberles\html\felhasznalofelvetel.html on line 21
[01-Feb-2026 10:26:14 Europe/Budapest] PHP Warning:  Attempt to read property "loginname" on null in D:\xampp\htdocs\backend\autoberles\html\felhasznalofelvetel.html on line 21
[01-Feb-2026 10:26:14 Europe/Budapest] PHP Warning:  Undefined variable $felhasznalokezeles in D:\xampp\htdocs\backend\autoberles\html\felhasznalofelvetel.html on line 23
[01-Feb-2026 10:26:14 Europe/Budapest] PHP Warning:  Attempt to read property "email" on null in D:\xampp\htdocs\backend\autoberles\html\felhasznalofelvetel.html on line 23
[01-Feb-2026 10:26:14 Europe/Budapest] PHP Warning:  Undefined variable $felhasznalokezeles in D:\xampp\htdocs\backend\autoberles\html\felhasznalofelvetel.html on line 28
[01-Feb-2026 10:26:14 Europe/Budapest] PHP Warning:  Attempt to read property "password1" on null in D:\xampp\htdocs\backend\autoberles\html\felhasznalofelvetel.html on line 28
[01-Feb-2026 10:26:14 Europe/Budapest] PHP Warning:  Undefined variable $felhasznalokezeles in D:\xampp\htdocs\backend\autoberles\html\felhasznalofelvetel.html on line 30
[01-Feb-2026 10:26:14 Europe/Budapest] PHP Warning:  Attempt to read property "password2" on null in D:\xampp\htdocs\backend\autoberles\html\felhasznalofelvetel.html on line 30
[01-Feb-2026 10:26:14 Europe/Budapest] PHP Warning:  Undefined variable $felhasznalokezeles in D:\xampp\htdocs\backend\autoberles\html\felhasznalofelvetel.html on line 32
[01-Feb-2026 10:26:14 Europe/Budapest] PHP Warning:  Attempt to read property "reminder" on null in D:\xampp\htdocs\backend\autoberles\html\felhasznalofelvetel.html on line 32
[01-Feb-2026 10:26:15 Europe/Budapest] PHP Warning:  Undefined variable $felhasznalokezeles in D:\xampp\htdocs\backend\autoberles\html\felhasznalofelvetel.html on line 17
[01-Feb-2026 10:26:15 Europe/Budapest] PHP Warning:  Attempt to read property "uzenet" on null in D:\xampp\htdocs\backend\autoberles\html\felhasznalofelvetel.html on line 17
[01-Feb-2026 10:26:15 Europe/Budapest] PHP Warning:  Undefined variable $felhasznalokezeles in D:\xampp\htdocs\backend\autoberles\html\felhasznalofelvetel.html on line 19
[01-Feb-2026 10:26:15 Europe/Budapest] PHP Warning:  Attempt to read property "name" on null in D:\xampp\htdocs\backend\autoberles\html\felhasznalofelvetel.html on line 19
[01-Feb-2026 10:26:15 Europe/Budapest] PHP Warning:  Undefined variable $felhasznalokezeles in D:\xampp\htdocs\backend\autoberles\html\felhasznalofelvetel.html on line 21
[01-Feb-2026 10:26:15 Europe/Budapest] PHP Warning:  Attempt to read property "loginname" on null in D:\xampp\htdocs\backend\autoberles\html\felhasznalofelvetel.html on line 21
[01-Feb-2026 10:26:15 Europe/Budapest] PHP Warning:  Undefined variable $felhasznalokezeles in D:\xampp\htdocs\backend\autoberles\html\felhasznalofelvetel.html on line 23
[01-Feb-2026 10:26:15 Europe/Budapest] PHP Warning:  Attempt to read property "email" on null in D:\xampp\htdocs\backend\autoberles\html\felhasznalofelvetel.html on line 23
[01-Feb-2026 10:26:15 Europe/Budapest] PHP Warning:  Undefined variable $felhasznalokezeles in D:\xampp\htdocs\backend\autoberles\html\felhasznalofelvetel.html on line 28
[01-Feb-2026 10:26:15 Europe/Budapest] PHP Warning:  Attempt to read property "password1" on null in D:\xampp\htdocs\backend\autoberles\html\felhasznalofelvetel.html on line 28
[01-Feb-2026 10:26:15 Europe/Budapest] PHP Warning:  Undefined variable $felhasznalokezeles in D:\xampp\htdocs\backend\autoberles\html\felhasznalofelvetel.html on line 30
[01-Feb-2026 10:26:15 Europe/Budapest] PHP Warning:  Attempt to read property "password2" on null in D:\xampp\htdocs\backend\autoberles\html\felhasznalofelvetel.html on line 30
[01-Feb-2026 10:26:15 Europe/Budapest] PHP Warning:  Undefined variable $felhasznalokezeles in D:\xampp\htdocs\backend\autoberles\html\felhasznalofelvetel.html on line 32
[01-Feb-2026 10:26:15 Europe/Budapest] PHP Warning:  Attempt to read property "reminder" on null in D:\xampp\htdocs\backend\autoberles\html\felhasznalofelvetel.html on line 32
[01-Feb-2026 10:26:16 Europe/Budapest] PHP Warning:  Undefined variable $felhasznalokezeles in D:\xampp\htdocs\backend\autoberles\html\felhasznalofelvetel.html on line 17
[01-Feb-2026 10:26:16 Europe/Budapest] PHP Warning:  Attempt to read property "uzenet" on null in D:\xampp\htdocs\backend\autoberles\html\felhasznalofelvetel.html on line 17
[01-Feb-2026 10:26:16 Europe/Budapest] PHP Warning:  Undefined variable $felhasznalokezeles in D:\xampp\htdocs\backend\autoberles\html\felhasznalofelvetel.html on line 19
[01-Feb-2026 10:26:16 Europe/Budapest] PHP Warning:  Attempt to read property "name" on null in D:\xampp\htdocs\backend\autoberles\html\felhasznalofelvetel.html on line 19
[01-Feb-2026 10:26:16 Europe/Budapest] PHP Warning:  Undefined variable $felhasznalokezeles in D:\xampp\htdocs\backend\autoberles\html\felhasznalofelvetel.html on line 21
[01-Feb-2026 10:26:16 Europe/Budapest] PHP Warning:  Attempt to read property "loginname" on null in D:\xampp\htdocs\backend\autoberles\html\felhasznalofelvetel.html on line 21
[01-Feb-2026 10:26:16 Europe/Budapest] PHP Warning:  Undefined variable $felhasznalokezeles in D:\xampp\htdocs\backend\autoberles\html\felhasznalofelvetel.html on line 23
[01-Feb-2026 10:26:16 Europe/Budapest] PHP Warning:  Attempt to read property "email" on null in D:\xampp\htdocs\backend\autoberles\html\felhasznalofelvetel.html on line 23
[01-Feb-2026 10:26:16 Europe/Budapest] PHP Warning:  Undefined variable $felhasznalokezeles in D:\xampp\htdocs\backend\autoberles\html\felhasznalofelvetel.html on line 28
[01-Feb-2026 10:26:16 Europe/Budapest] PHP Warning:  Attempt to read property "password1" on null in D:\xampp\htdocs\backend\autoberles\html\felhasznalofelvetel.html on line 28
[01-Feb-2026 10:26:16 Europe/Budapest] PHP Warning:  Undefined variable $felhasznalokezeles in D:\xampp\htdocs\backend\autoberles\html\felhasznalofelvetel.html on line 30
[01-Feb-2026 10:26:16 Europe/Budapest] PHP Warning:  Attempt to read property "password2" on null in D:\xampp\htdocs\backend\autoberles\html\felhasznalofelvetel.html on line 30
[01-Feb-2026 10:26:16 Europe/Budapest] PHP Warning:  Undefined variable $felhasznalokezeles in D:\xampp\htdocs\backend\autoberles\html\felhasznalofelvetel.html on line 32
[01-Feb-2026 10:26:16 Europe/Budapest] PHP Warning:  Attempt to read property "reminder" on null in D:\xampp\htdocs\backend\autoberles\html\felhasznalofelvetel.html on line 32
[01-Feb-2026 10:26:17 Europe/Budapest] PHP Warning:  Undefined variable $felhasznalokezeles in D:\xampp\htdocs\backend\autoberles\html\felhasznalofelvetel.html on line 17
[01-Feb-2026 10:26:17 Europe/Budapest] PHP Warning:  Attempt to read property "uzenet" on null in D:\xampp\htdocs\backend\autoberles\html\felhasznalofelvetel.html on line 17
[01-Feb-2026 10:26:17 Europe/Budapest] PHP Warning:  Undefined variable $felhasznalokezeles in D:\xampp\htdocs\backend\autoberles\html\felhasznalofelvetel.html on line 19
[01-Feb-2026 10:26:17 Europe/Budapest] PHP Warning:  Attempt to read property "name" on null in D:\xampp\htdocs\backend\autoberles\html\felhasznalofelvetel.html on line 19
[01-Feb-2026 10:26:17 Europe/Budapest] PHP Warning:  Undefined variable $felhasznalokezeles in D:\xampp\htdocs\backend\autoberles\html\felhasznalofelvetel.html on line 21
[01-Feb-2026 10:26:17 Europe/Budapest] PHP Warning:  Attempt to read property "loginname" on null in D:\xampp\htdocs\backend\autoberles\html\felhasznalofelvetel.html on line 21
[01-Feb-2026 10:26:17 Europe/Budapest] PHP Warning:  Undefined variable $felhasznalokezeles in D:\xampp\htdocs\backend\autoberles\html\felhasznalofelvetel.html on line 23
[01-Feb-2026 10:26:17 Europe/Budapest] PHP Warning:  Attempt to read property "email" on null in D:\xampp\htdocs\backend\autoberles\html\felhasznalofelvetel.html on line 23
[01-Feb-2026 10:26:17 Europe/Budapest] PHP Warning:  Undefined variable $felhasznalokezeles in D:\xampp\htdocs\backend\autoberles\html\felhasznalofelvetel.html on line 28
[01-Feb-2026 10:26:17 Europe/Budapest] PHP Warning:  Attempt to read property "password1" on null in D:\xampp\htdocs\backend\autoberles\html\felhasznalofelvetel.html on line 28
[01-Feb-2026 10:26:17 Europe/Budapest] PHP Warning:  Undefined variable $felhasznalokezeles in D:\xampp\htdocs\backend\autoberles\html\felhasznalofelvetel.html on line 30
[01-Feb-2026 10:26:17 Europe/Budapest] PHP Warning:  Attempt to read property "password2" on null in D:\xampp\htdocs\backend\autoberles\html\felhasznalofelvetel.html on line 30
[01-Feb-2026 10:26:17 Europe/Budapest] PHP Warning:  Undefined variable $felhasznalokezeles in D:\xampp\htdocs\backend\autoberles\html\felhasznalofelvetel.html on line 32
[01-Feb-2026 10:26:17 Europe/Budapest] PHP Warning:  Attempt to read property "reminder" on null in D:\xampp\htdocs\backend\autoberles\html\felhasznalofelvetel.html on line 32
[01-Feb-2026 10:26:17 Europe/Budapest] PHP Warning:  Undefined variable $felhasznalokezeles in D:\xampp\htdocs\backend\autoberles\html\felhasznalofelvetel.html on line 17
[01-Feb-2026 10:26:17 Europe/Budapest] PHP Warning:  Attempt to read property "uzenet" on null in D:\xampp\htdocs\backend\autoberles\html\felhasznalofelvetel.html on line 17
[01-Feb-2026 10:26:17 Europe/Budapest] PHP Warning:  Undefined variable $felhasznalokezeles in D:\xampp\htdocs\backend\autoberles\html\felhasznalofelvetel.html on line 19
[01-Feb-2026 10:26:17 Europe/Budapest] PHP Warning:  Attempt to read property "name" on null in D:\xampp\htdocs\backend\autoberles\html\felhasznalofelvetel.html on line 19
[01-Feb-2026 10:26:18 Europe/Budapest] PHP Warning:  Undefined variable $felhasznalokezeles in D:\xampp\htdocs\backend\autoberles\html\felhasznalofelvetel.html on line 21
[01-Feb-2026 10:26:18 Europe/Budapest] PHP Warning:  Attempt to read property "loginname" on null in D:\xampp\htdocs\backend\autoberles\html\felhasznalofelvetel.html on line 21
[01-Feb-2026 10:26:18 Europe/Budapest] PHP Warning:  Undefined variable $felhasznalokezeles in D:\xampp\htdocs\backend\autoberles\html\felhasznalofelvetel.html on line 23
[01-Feb-2026 10:26:18 Europe/Budapest] PHP Warning:  Attempt to read property "email" on null in D:\xampp\htdocs\backend\autoberles\html\felhasznalofelvetel.html on line 23
[01-Feb-2026 10:26:18 Europe/Budapest] PHP Warning:  Undefined variable $felhasznalokezeles in D:\xampp\htdocs\backend\autoberles\html\felhasznalofelvetel.html on line 28
[01-Feb-2026 10:26:18 Europe/Budapest] PHP Warning:  Attempt to read property "password1" on null in D:\xampp\htdocs\backend\autoberles\html\felhasznalofelvetel.html on line 28
[01-Feb-2026 10:26:18 Europe/Budapest] PHP Warning:  Undefined variable $felhasznalokezeles in D:\xampp\htdocs\backend\autoberles\html\felhasznalofelvetel.html on line 30
[01-Feb-2026 10:26:18 Europe/Budapest] PHP Warning:  Attempt to read property "password2" on null in D:\xampp\htdocs\backend\autoberles\html\felhasznalofelvetel.html on line 30
[01-Feb-2026 10:26:18 Europe/Budapest] PHP Warning:  Undefined variable $felhasznalokezeles in D:\xampp\htdocs\backend\autoberles\html\felhasznalofelvetel.html on line 32
[01-Feb-2026 10:26:18 Europe/Budapest] PHP Warning:  Attempt to read property "reminder" on null in D:\xampp\htdocs\backend\autoberles\html\felhasznalofelvetel.html on line 32
[01-Feb-2026 10:26:31 Europe/Budapest] PHP Warning:  Undefined variable $felhasznalokezeles in D:\xampp\htdocs\backend\autoberles\html\felhasznalofelvetel.html on line 17
[01-Feb-2026 10:26:31 Europe/Budapest] PHP Warning:  Attempt to read property "uzenet" on null in D:\xampp\htdocs\backend\autoberles\html\felhasznalofelvetel.html on line 17
[01-Feb-2026 10:26:31 Europe/Budapest] PHP Warning:  Undefined variable $felhasznalokezeles in D:\xampp\htdocs\backend\autoberles\html\felhasznalofelvetel.html on line 19
[01-Feb-2026 10:26:31 Europe/Budapest] PHP Warning:  Attempt to read property "name" on null in D:\xampp\htdocs\backend\autoberles\html\felhasznalofelvetel.html on line 19
[01-Feb-2026 10:26:31 Europe/Budapest] PHP Warning:  Undefined variable $felhasznalokezeles in D:\xampp\htdocs\backend\autoberles\html\felhasznalofelvetel.html on line 21
[01-Feb-2026 10:26:31 Europe/Budapest] PHP Warning:  Attempt to read property "loginname" on null in D:\xampp\htdocs\backend\autoberles\html\felhasznalofelvetel.html on line 21
[01-Feb-2026 10:26:31 Europe/Budapest] PHP Warning:  Undefined variable $felhasznalokezeles in D:\xampp\htdocs\backend\autoberles\html\felhasznalofelvetel.html on line 23
[01-Feb-2026 10:26:31 Europe/Budapest] PHP Warning:  Attempt to read property "email" on null in D:\xampp\htdocs\backend\autoberles\html\felhasznalofelvetel.html on line 23
[01-Feb-2026 10:26:31 Europe/Budapest] PHP Warning:  Undefined variable $felhasznalokezeles in D:\xampp\htdocs\backend\autoberles\html\felhasznalofelvetel.html on line 28
[01-Feb-2026 10:26:31 Europe/Budapest] PHP Warning:  Attempt to read property "password1" on null in D:\xampp\htdocs\backend\autoberles\html\felhasznalofelvetel.html on line 28
[01-Feb-2026 10:26:31 Europe/Budapest] PHP Warning:  Undefined variable $felhasznalokezeles in D:\xampp\htdocs\backend\autoberles\html\felhasznalofelvetel.html on line 30
[01-Feb-2026 10:26:31 Europe/Budapest] PHP Warning:  Attempt to read property "password2" on null in D:\xampp\htdocs\backend\autoberles\html\felhasznalofelvetel.html on line 30
[01-Feb-2026 10:26:31 Europe/Budapest] PHP Warning:  Undefined variable $felhasznalokezeles in D:\xampp\htdocs\backend\autoberles\html\felhasznalofelvetel.html on line 32
[01-Feb-2026 10:26:31 Europe/Budapest] PHP Warning:  Attempt to read property "reminder" on null in D:\xampp\htdocs\backend\autoberles\html\felhasznalofelvetel.html on line 32
[01-Feb-2026 10:26:32 Europe/Budapest] PHP Warning:  Undefined variable $felhasznalokezeles in D:\xampp\htdocs\backend\autoberles\html\felhasznalofelvetel.html on line 17
[01-Feb-2026 10:26:32 Europe/Budapest] PHP Warning:  Attempt to read property "uzenet" on null in D:\xampp\htdocs\backend\autoberles\html\felhasznalofelvetel.html on line 17
[01-Feb-2026 10:26:32 Europe/Budapest] PHP Warning:  Undefined variable $felhasznalokezeles in D:\xampp\htdocs\backend\autoberles\html\felhasznalofelvetel.html on line 19
[01-Feb-2026 10:26:32 Europe/Budapest] PHP Warning:  Attempt to read property "name" on null in D:\xampp\htdocs\backend\autoberles\html\felhasznalofelvetel.html on line 19
[01-Feb-2026 10:26:32 Europe/Budapest] PHP Warning:  Undefined variable $felhasznalokezeles in D:\xampp\htdocs\backend\autoberles\html\felhasznalofelvetel.html on line 21
[01-Feb-2026 10:26:32 Europe/Budapest] PHP Warning:  Attempt to read property "loginname" on null in D:\xampp\htdocs\backend\autoberles\html\felhasznalofelvetel.html on line 21
[01-Feb-2026 10:26:32 Europe/Budapest] PHP Warning:  Undefined variable $felhasznalokezeles in D:\xampp\htdocs\backend\autoberles\html\felhasznalofelvetel.html on line 23
[01-Feb-2026 10:26:32 Europe/Budapest] PHP Warning:  Attempt to read property "email" on null in D:\xampp\htdocs\backend\autoberles\html\felhasznalofelvetel.html on line 23
[01-Feb-2026 10:26:32 Europe/Budapest] PHP Warning:  Undefined variable $felhasznalokezeles in D:\xampp\htdocs\backend\autoberles\html\felhasznalofelvetel.html on line 28
[01-Feb-2026 10:26:32 Europe/Budapest] PHP Warning:  Attempt to read property "password1" on null in D:\xampp\htdocs\backend\autoberles\html\felhasznalofelvetel.html on line 28
[01-Feb-2026 10:26:32 Europe/Budapest] PHP Warning:  Undefined variable $felhasznalokezeles in D:\xampp\htdocs\backend\autoberles\html\felhasznalofelvetel.html on line 30
[01-Feb-2026 10:26:32 Europe/Budapest] PHP Warning:  Attempt to read property "password2" on null in D:\xampp\htdocs\backend\autoberles\html\felhasznalofelvetel.html on line 30
[01-Feb-2026 10:26:32 Europe/Budapest] PHP Warning:  Undefined variable $felhasznalokezeles in D:\xampp\htdocs\backend\autoberles\html\felhasznalofelvetel.html on line 32
[01-Feb-2026 10:26:32 Europe/Budapest] PHP Warning:  Attempt to read property "reminder" on null in D:\xampp\htdocs\backend\autoberles\html\felhasznalofelvetel.html on line 32
[01-Feb-2026 11:08:25 Europe/Budapest] PHP Warning:  Undefined variable $egysor in D:\xampp\htdocs\backend\autoberles\php\felhasznalok.php on line 123
[01-Feb-2026 11:08:25 Europe/Budapest] PHP Warning:  Trying to access array offset on value of type null in D:\xampp\htdocs\backend\autoberles\php\felhasznalok.php on line 123
[01-Feb-2026 11:08:25 Europe/Budapest] PHP Warning:  Undefined variable $egysor in D:\xampp\htdocs\backend\autoberles\php\felhasznalok.php on line 127
[01-Feb-2026 11:08:25 Europe/Budapest] PHP Warning:  Trying to access array offset on value of type null in D:\xampp\htdocs\backend\autoberles\php\felhasznalok.php on line 127
[01-Feb-2026 11:08:25 Europe/Budapest] PHP Warning:  Undefined variable $egysor in D:\xampp\htdocs\backend\autoberles\php\felhasznalok.php on line 131
[01-Feb-2026 11:08:25 Europe/Budapest] PHP Warning:  Trying to access array offset on value of type null in D:\xampp\htdocs\backend\autoberles\php\felhasznalok.php on line 131
[01-Feb-2026 11:09:10 Europe/Budapest] PHP Warning:  Undefined variable $egysor in D:\xampp\htdocs\backend\autoberles\php\felhasznalok.php on line 123
[01-Feb-2026 11:09:10 Europe/Budapest] PHP Warning:  Trying to access array offset on value of type null in D:\xampp\htdocs\backend\autoberles\php\felhasznalok.php on line 123
[01-Feb-2026 11:09:10 Europe/Budapest] PHP Warning:  Undefined variable $egysor in D:\xampp\htdocs\backend\autoberles\php\felhasznalok.php on line 127
[01-Feb-2026 11:09:10 Europe/Budapest] PHP Warning:  Trying to access array offset on value of type null in D:\xampp\htdocs\backend\autoberles\php\felhasznalok.php on line 127
[01-Feb-2026 11:09:10 Europe/Budapest] PHP Warning:  Undefined variable $egysor in D:\xampp\htdocs\backend\autoberles\php\felhasznalok.php on line 131
[01-Feb-2026 11:09:10 Europe/Budapest] PHP Warning:  Trying to access array offset on value of type null in D:\xampp\htdocs\backend\autoberles\php\felhasznalok.php on line 131
[01-Feb-2026 11:09:10 Europe/Budapest] PHP Warning:  Undefined variable $HTMLSorok in D:\xampp\htdocs\backend\autoberles\php\felhasznalok.php on line 133
[01-Feb-2026 11:09:11 Europe/Budapest] PHP Warning:  Undefined variable $egysor in D:\xampp\htdocs\backend\autoberles\php\felhasznalok.php on line 123
[01-Feb-2026 11:09:11 Europe/Budapest] PHP Warning:  Trying to access array offset on value of type null in D:\xampp\htdocs\backend\autoberles\php\felhasznalok.php on line 123
[01-Feb-2026 11:09:11 Europe/Budapest] PHP Warning:  Undefined variable $egysor in D:\xampp\htdocs\backend\autoberles\php\felhasznalok.php on line 127
[01-Feb-2026 11:09:11 Europe/Budapest] PHP Warning:  Trying to access array offset on value of type null in D:\xampp\htdocs\backend\autoberles\php\felhasznalok.php on line 127
[01-Feb-2026 11:09:11 Europe/Budapest] PHP Warning:  Undefined variable $egysor in D:\xampp\htdocs\backend\autoberles\php\felhasznalok.php on line 131
[01-Feb-2026 11:09:11 Europe/Budapest] PHP Warning:  Trying to access array offset on value of type null in D:\xampp\htdocs\backend\autoberles\php\felhasznalok.php on line 131
[01-Feb-2026 11:09:11 Europe/Budapest] PHP Warning:  Undefined variable $HTMLSorok in D:\xampp\htdocs\backend\autoberles\php\felhasznalok.php on line 133
[01-Feb-2026 11:10:27 Europe/Budapest] PHP Warning:  Undefined variable $egysor in D:\xampp\htdocs\backend\autoberles\php\felhasznalok.php on line 134
[01-Feb-2026 11:10:27 Europe/Budapest] PHP Warning:  Trying to access array offset on value of type null in D:\xampp\htdocs\backend\autoberles\php\felhasznalok.php on line 134
[01-Feb-2026 11:10:27 Europe/Budapest] PHP Warning:  Undefined variable $egysor in D:\xampp\htdocs\backend\autoberles\php\felhasznalok.php on line 135
[01-Feb-2026 11:10:27 Europe/Budapest] PHP Warning:  Trying to access array offset on value of type null in D:\xampp\htdocs\backend\autoberles\php\felhasznalok.php on line 135
[01-Feb-2026 11:10:27 Europe/Budapest] PHP Warning:  Undefined variable $egysor in D:\xampp\htdocs\backend\autoberles\php\felhasznalok.php on line 136
[01-Feb-2026 11:10:27 Europe/Budapest] PHP Warning:  Trying to access array offset on value of type null in D:\xampp\htdocs\backend\autoberles\php\felhasznalok.php on line 136
[01-Feb-2026 11:10:27 Europe/Budapest] PHP Warning:  Undefined variable $egysor in D:\xampp\htdocs\backend\autoberles\php\felhasznalok.php on line 137
[01-Feb-2026 11:10:27 Europe/Budapest] PHP Warning:  Trying to access array offset on value of type null in D:\xampp\htdocs\backend\autoberles\php\felhasznalok.php on line 137
[01-Feb-2026 11:10:27 Europe/Budapest] PHP Warning:  Undefined variable $egysor in D:\xampp\htdocs\backend\autoberles\php\felhasznalok.php on line 138
[01-Feb-2026 11:10:27 Europe/Budapest] PHP Warning:  Trying to access array offset on value of type null in D:\xampp\htdocs\backend\autoberles\php\felhasznalok.php on line 138
[01-Feb-2026 11:10:27 Europe/Budapest] PHP Warning:  Undefined variable $egysor in D:\xampp\htdocs\backend\autoberles\php\felhasznalok.php on line 139
[01-Feb-2026 11:10:27 Europe/Budapest] PHP Warning:  Trying to access array offset on value of type null in D:\xampp\htdocs\backend\autoberles\php\felhasznalok.php on line 139
[01-Feb-2026 11:10:27 Europe/Budapest] PHP Warning:  Undefined variable $egysor in D:\xampp\htdocs\backend\autoberles\php\felhasznalok.php on line 140
[01-Feb-2026 11:10:27 Europe/Budapest] PHP Warning:  Trying to access array offset on value of type null in D:\xampp\htdocs\backend\autoberles\php\felhasznalok.php on line 140
[01-Feb-2026 11:10:59 Europe/Budapest] PHP Warning:  Undefined variable $egysor in D:\xampp\htdocs\backend\autoberles\php\felhasznalok.php on line 134
[01-Feb-2026 11:10:59 Europe/Budapest] PHP Warning:  Trying to access array offset on value of type null in D:\xampp\htdocs\backend\autoberles\php\felhasznalok.php on line 134
[01-Feb-2026 11:10:59 Europe/Budapest] PHP Warning:  Undefined variable $egysor in D:\xampp\htdocs\backend\autoberles\php\felhasznalok.php on line 135
[01-Feb-2026 11:10:59 Europe/Budapest] PHP Warning:  Trying to access array offset on value of type null in D:\xampp\htdocs\backend\autoberles\php\felhasznalok.php on line 135
[01-Feb-2026 11:10:59 Europe/Budapest] PHP Warning:  Undefined variable $egysor in D:\xampp\htdocs\backend\autoberles\php\felhasznalok.php on line 136
[01-Feb-2026 11:10:59 Europe/Budapest] PHP Warning:  Trying to access array offset on value of type null in D:\xampp\htdocs\backend\autoberles\php\felhasznalok.php on line 136
[01-Feb-2026 11:10:59 Europe/Budapest] PHP Warning:  Undefined variable $egysor in D:\xampp\htdocs\backend\autoberles\php\felhasznalok.php on line 137
[01-Feb-2026 11:10:59 Europe/Budapest] PHP Warning:  Trying to access array offset on value of type null in D:\xampp\htdocs\backend\autoberles\php\felhasznalok.php on line 137
[01-Feb-2026 11:11:00 Europe/Budapest] PHP Warning:  Undefined variable $egysor in D:\xampp\htdocs\backend\autoberles\php\felhasznalok.php on line 134
[01-Feb-2026 11:11:00 Europe/Budapest] PHP Warning:  Trying to access array offset on value of type null in D:\xampp\htdocs\backend\autoberles\php\felhasznalok.php on line 134
[01-Feb-2026 11:11:00 Europe/Budapest] PHP Warning:  Undefined variable $egysor in D:\xampp\htdocs\backend\autoberles\php\felhasznalok.php on line 135
[01-Feb-2026 11:11:00 Europe/Budapest] PHP Warning:  Trying to access array offset on value of type null in D:\xampp\htdocs\backend\autoberles\php\felhasznalok.php on line 135
[01-Feb-2026 11:11:00 Europe/Budapest] PHP Warning:  Undefined variable $egysor in D:\xampp\htdocs\backend\autoberles\php\felhasznalok.php on line 136
[01-Feb-2026 11:11:00 Europe/Budapest] PHP Warning:  Trying to access array offset on value of type null in D:\xampp\htdocs\backend\autoberles\php\felhasznalok.php on line 136
[01-Feb-2026 11:11:00 Europe/Budapest] PHP Warning:  Undefined variable $egysor in D:\xampp\htdocs\backend\autoberles\php\felhasznalok.php on line 137
[01-Feb-2026 11:11:00 Europe/Budapest] PHP Warning:  Trying to access array offset on value of type null in D:\xampp\htdocs\backend\autoberles\php\felhasznalok.php on line 137
[01-Feb-2026 11:11:31 Europe/Budapest] PHP Warning:  Undefined array key "id" in D:\xampp\htdocs\backend\autoberles\php\felhasznalok.php on line 16
[01-Feb-2026 11:11:31 Europe/Budapest] PHP Warning:  include(html/felhasznalo.html): Failed to open stream: No such file or directory in D:\xampp\htdocs\backend\autoberles\php\felhasznalok.php on line 17
[01-Feb-2026 11:11:31 Europe/Budapest] PHP Warning:  include(): Failed opening 'html/felhasznalo.html' for inclusion (include_path='D:\xampp\php\PEAR') in D:\xampp\htdocs\backend\autoberles\php\felhasznalok.php on line 17
[01-Feb-2026 11:12:07 Europe/Budapest] PHP Warning:  include(html/felhasznalo.html): Failed to open stream: No such file or directory in D:\xampp\htdocs\backend\autoberles\php\felhasznalok.php on line 17
[01-Feb-2026 11:12:07 Europe/Budapest] PHP Warning:  include(): Failed opening 'html/felhasznalo.html' for inclusion (include_path='D:\xampp\php\PEAR') in D:\xampp\htdocs\backend\autoberles\php\felhasznalok.php on line 17
[01-Feb-2026 11:12:08 Europe/Budapest] PHP Warning:  include(html/felhasznalo.html): Failed to open stream: No such file or directory in D:\xampp\htdocs\backend\autoberles\php\felhasznalok.php on line 17
[01-Feb-2026 11:12:08 Europe/Budapest] PHP Warning:  include(): Failed opening 'html/felhasznalo.html' for inclusion (include_path='D:\xampp\php\PEAR') in D:\xampp\htdocs\backend\autoberles\php\felhasznalok.php on line 17
[01-Feb-2026 11:12:35 Europe/Budapest] PHP Warning:  Undefined property: felhasznalok::$auto_id in D:\xampp\htdocs\backend\autoberles\html\felhasznalofelvetel.html on line 4
[01-Feb-2026 11:13:45 Europe/Budapest] PHP Fatal error:  Uncaught Error: Call to undefined function veletlenkaraktersor() in D:\xampp\htdocs\backend\autoberles\php\felhasznalok.php:209
Stack trace:
#0 D:\xampp\htdocs\backend\autoberles\php\felhasznalok.php(12): felhasznalok->felhasznalo_ment()
#1 D:\xampp\htdocs\backend\autoberles\index.php(65): include('D:\\xampp\\htdocs...')
#2 {main}
  thrown in D:\xampp\htdocs\backend\autoberles\php\felhasznalok.php on line 209
[01-Feb-2026 11:15:13 Europe/Budapest] PHP Deprecated:  Creation of dynamic property felhasznalok::$fingerprint is deprecated in D:\xampp\htdocs\backend\autoberles\php\felhasznalok.php on line 209
[01-Feb-2026 11:15:26 Europe/Budapest] PHP Deprecated:  Creation of dynamic property felhasznalok::$fingerprint is deprecated in D:\xampp\htdocs\backend\autoberles\php\felhasznalok.php on line 209
[01-Feb-2026 11:15:26 Europe/Budapest] PHP Fatal error:  Uncaught mysqli_sql_exception: Table 'autokolcsonzo.activation' doesn't exist in D:\xampp\htdocs\backend\autoberles\php\felhasznalok.php:254
Stack trace:
#0 D:\xampp\htdocs\backend\autoberles\php\felhasznalok.php(254): mysqli_query(Object(mysqli), 'INSERT INTO act...')
#1 D:\xampp\htdocs\backend\autoberles\php\felhasznalok.php(12): felhasznalok->felhasznalo_ment()
#2 D:\xampp\htdocs\backend\autoberles\index.php(66): include('D:\\xampp\\htdocs...')
#3 {main}
  thrown in D:\xampp\htdocs\backend\autoberles\php\felhasznalok.php on line 254
[01-Feb-2026 11:18:01 Europe/Budapest] PHP Deprecated:  Creation of dynamic property felhasznalok::$fingerprint is deprecated in D:\xampp\htdocs\backend\autoberles\php\felhasznalok.php on line 209
[01-Feb-2026 11:22:39 Europe/Budapest] PHP Deprecated:  Creation of dynamic property felhasznalok::$fingerprint is deprecated in D:\xampp\htdocs\backend\autoberles\php\felhasznalok.php on line 211
[01-Feb-2026 11:22:39 Europe/Budapest] PHP Fatal error:  Uncaught Error: Object of class felhasznalok could not be converted to string in D:\xampp\htdocs\backend\autoberles\php\felhasznalok.php:222
Stack trace:
#0 D:\xampp\htdocs\backend\autoberles\php\felhasznalok.php(12): felhasznalok->felhasznalo_ment()
#1 D:\xampp\htdocs\backend\autoberles\index.php(66): include('D:\\xampp\\htdocs...')
#2 {main}
  thrown in D:\xampp\htdocs\backend\autoberles\php\felhasznalok.php on line 222
[01-Feb-2026 11:32:32 Europe/Budapest] PHP Fatal error:  Uncaught Error: Object of class felhasznalok could not be converted to string in D:\xampp\htdocs\backend\autoberles\php\felhasznalok.php:224
Stack trace:
#0 D:\xampp\htdocs\backend\autoberles\php\felhasznalok.php(12): felhasznalok->felhasznalo_ment()
#1 D:\xampp\htdocs\backend\autoberles\index.php(66): include('D:\\xampp\\htdocs...')
#2 {main}
  thrown in D:\xampp\htdocs\backend\autoberles\php\felhasznalok.php on line 224
[01-Feb-2026 11:34:04 Europe/Budapest] PHP Warning:  Undefined variable $date in D:\xampp\htdocs\backend\autoberles\php\felhasznalok.php on line 224
[01-Feb-2026 12:07:21 Europe/Budapest] PHP Parse error:  syntax error, unexpected token "endif", expecting end of file in D:\xampp\htdocs\backend\autoberles\html\felhasznalofelvetel.html on line 38
[01-Feb-2026 12:08:51 Europe/Budapest] PHP Parse error:  syntax error, unexpected token "endif", expecting end of file in D:\xampp\htdocs\backend\autoberles\html\felhasznalofelvetel.html on line 38
[07-Feb-2026 10:06:57 Europe/Budapest] PHP Warning:  include(html/felhasznalo.html): Failed to open stream: No such file or directory in D:\xampp\htdocs\backend\autoberles\index.php on line 80
[07-Feb-2026 10:06:57 Europe/Budapest] PHP Warning:  include(): Failed opening 'html/felhasznalo.html' for inclusion (include_path='D:\xampp\php\PEAR') in D:\xampp\htdocs\backend\autoberles\index.php on line 80
[07-Feb-2026 10:30:46 Europe/Budapest] PHP Warning:  Undefined variable $felhasznalok in D:\xampp\htdocs\backend\autoberles\html\felhasznalofelvetel.html on line 1
[07-Feb-2026 10:30:46 Europe/Budapest] PHP Warning:  Attempt to read property "muvelet" on null in D:\xampp\htdocs\backend\autoberles\html\felhasznalofelvetel.html on line 1
[07-Feb-2026 10:30:46 Europe/Budapest] PHP Warning:  Undefined variable $felhasznalok in D:\xampp\htdocs\backend\autoberles\html\felhasznalofelvetel.html on line 4
[07-Feb-2026 10:30:46 Europe/Budapest] PHP Warning:  Attempt to read property "id" on null in D:\xampp\htdocs\backend\autoberles\html\felhasznalofelvetel.html on line 4
[07-Feb-2026 10:30:46 Europe/Budapest] PHP Warning:  Undefined variable $felhasznalok in D:\xampp\htdocs\backend\autoberles\html\felhasznalofelvetel.html on line 10
[07-Feb-2026 10:30:46 Europe/Budapest] PHP Warning:  Attempt to read property "name" on null in D:\xampp\htdocs\backend\autoberles\html\felhasznalofelvetel.html on line 10
[07-Feb-2026 10:30:46 Europe/Budapest] PHP Warning:  Undefined variable $felhasznalok in D:\xampp\htdocs\backend\autoberles\html\felhasznalofelvetel.html on line 15
[07-Feb-2026 10:30:46 Europe/Budapest] PHP Warning:  Attempt to read property "loginname" on null in D:\xampp\htdocs\backend\autoberles\html\felhasznalofelvetel.html on line 15
[07-Feb-2026 10:30:46 Europe/Budapest] PHP Warning:  Undefined variable $felhasznalok in D:\xampp\htdocs\backend\autoberles\html\felhasznalofelvetel.html on line 20
[07-Feb-2026 10:30:46 Europe/Budapest] PHP Warning:  Attempt to read property "email" on null in D:\xampp\htdocs\backend\autoberles\html\felhasznalofelvetel.html on line 20
[07-Feb-2026 10:30:46 Europe/Budapest] PHP Warning:  Undefined variable $felhasznalok in D:\xampp\htdocs\backend\autoberles\html\felhasznalofelvetel.html on line 44
[07-Feb-2026 10:30:46 Europe/Budapest] PHP Warning:  Attempt to read property "uzenet" on null in D:\xampp\htdocs\backend\autoberles\html\felhasznalofelvetel.html on line 44
[07-Feb-2026 11:07:32 Europe/Budapest] PHP Warning:  Undefined variable $felhasznalokezeles in D:\xampp\htdocs\backend\autoberles\index.php on line 84
[07-Feb-2026 11:07:32 Europe/Budapest] PHP Fatal error:  Uncaught Error: Call to a member function felhasznalo_ment() on null in D:\xampp\htdocs\backend\autoberles\index.php:84
Stack trace:
#0 {main}
  thrown in D:\xampp\htdocs\backend\autoberles\index.php on line 84
[07-Feb-2026 11:25:47 Europe/Budapest] PHP Warning:  include(html/felhasznalo.html): Failed to open stream: No such file or directory in D:\xampp\htdocs\backend\autoberles\index.php on line 82
[07-Feb-2026 11:25:47 Europe/Budapest] PHP Warning:  include(): Failed opening 'html/felhasznalo.html' for inclusion (include_path='D:\xampp\php\PEAR') in D:\xampp\htdocs\backend\autoberles\index.php on line 82
[07-Feb-2026 11:25:55 Europe/Budapest] PHP Warning:  include(html/felhasznalo.html): Failed to open stream: No such file or directory in D:\xampp\htdocs\backend\autoberles\index.php on line 82
[07-Feb-2026 11:25:55 Europe/Budapest] PHP Warning:  include(): Failed opening 'html/felhasznalo.html' for inclusion (include_path='D:\xampp\php\PEAR') in D:\xampp\htdocs\backend\autoberles\index.php on line 82
[07-Feb-2026 12:02:09 Europe/Budapest] PHP Warning:  Undefined array key "auto_id" in D:\xampp\htdocs\backend\autoberles\html\torlesmegerosites.html on line 2
[07-Feb-2026 12:04:18 Europe/Budapest] PHP Warning:  include(html/felhasznalo.html): Failed to open stream: No such file or directory in D:\xampp\htdocs\backend\autoberles\index.php on line 73
[07-Feb-2026 12:04:18 Europe/Budapest] PHP Warning:  include(): Failed opening 'html/felhasznalo.html' for inclusion (include_path='D:\xampp\php\PEAR') in D:\xampp\htdocs\backend\autoberles\index.php on line 73
[07-Feb-2026 12:08:59 Europe/Budapest] PHP Warning:  Undefined property: felhasznalok::$hibauzenet in D:\xampp\htdocs\backend\autoberles\html\felhasznalofelvetel.html on line 17
[07-Feb-2026 12:20:12 Europe/Budapest] PHP Warning:  include(html/felhasznalo.html): Failed to open stream: No such file or directory in D:\xampp\htdocs\backend\autoberles\index.php on line 114
[07-Feb-2026 12:20:12 Europe/Budapest] PHP Warning:  include(): Failed opening 'html/felhasznalo.html' for inclusion (include_path='D:\xampp\php\PEAR') in D:\xampp\htdocs\backend\autoberles\index.php on line 114
[07-Feb-2026 12:36:52 Europe/Budapest] PHP Warning:  Undefined variable $row in D:\xampp\htdocs\backend\autoberles\php\jarmuvek.php on line 127
[07-Feb-2026 12:36:52 Europe/Budapest] PHP Warning:  Trying to access array offset on value of type null in D:\xampp\htdocs\backend\autoberles\php\jarmuvek.php on line 127
[07-Feb-2026 12:36:52 Europe/Budapest] PHP Warning:  Undefined variable $row in D:\xampp\htdocs\backend\autoberles\php\jarmuvek.php on line 132
[07-Feb-2026 12:36:52 Europe/Budapest] PHP Warning:  Trying to access array offset on value of type null in D:\xampp\htdocs\backend\autoberles\php\jarmuvek.php on line 132
[07-Feb-2026 12:36:52 Europe/Budapest] PHP Warning:  Undefined variable $row in D:\xampp\htdocs\backend\autoberles\php\jarmuvek.php on line 136
[07-Feb-2026 12:36:52 Europe/Budapest] PHP Warning:  Trying to access array offset on value of type null in D:\xampp\htdocs\backend\autoberles\php\jarmuvek.php on line 136
[07-Feb-2026 12:36:52 Europe/Budapest] PHP Warning:  Undefined variable $row in D:\xampp\htdocs\backend\autoberles\php\jarmuvek.php on line 136
[07-Feb-2026 12:36:52 Europe/Budapest] PHP Warning:  Trying to access array offset on value of type null in D:\xampp\htdocs\backend\autoberles\php\jarmuvek.php on line 136
[07-Feb-2026 12:36:52 Europe/Budapest] PHP Warning:  Undefined variable $row in D:\xampp\htdocs\backend\autoberles\php\jarmuvek.php on line 136
[07-Feb-2026 12:36:52 Europe/Budapest] PHP Warning:  Trying to access array offset on value of type null in D:\xampp\htdocs\backend\autoberles\php\jarmuvek.php on line 136
[07-Feb-2026 12:36:52 Europe/Budapest] PHP Warning:  Undefined variable $row in D:\xampp\htdocs\backend\autoberles\php\jarmuvek.php on line 136
[07-Feb-2026 12:36:52 Europe/Budapest] PHP Warning:  Trying to access array offset on value of type null in D:\xampp\htdocs\backend\autoberles\php\jarmuvek.php on line 136
[07-Feb-2026 12:36:52 Europe/Budapest] PHP Warning:  Undefined variable $row in D:\xampp\htdocs\backend\autoberles\php\jarmuvek.php on line 136
[07-Feb-2026 12:36:52 Europe/Budapest] PHP Warning:  Trying to access array offset on value of type null in D:\xampp\htdocs\backend\autoberles\php\jarmuvek.php on line 136
[07-Feb-2026 12:36:52 Europe/Budapest] PHP Warning:  Undefined variable $row in D:\xampp\htdocs\backend\autoberles\php\jarmuvek.php on line 136
[07-Feb-2026 12:36:52 Europe/Budapest] PHP Warning:  Trying to access array offset on value of type null in D:\xampp\htdocs\backend\autoberles\php\jarmuvek.php on line 136
[07-Feb-2026 12:36:52 Europe/Budapest] PHP Warning:  Undefined variable $row in D:\xampp\htdocs\backend\autoberles\php\jarmuvek.php on line 136
[07-Feb-2026 12:36:52 Europe/Budapest] PHP Warning:  Trying to access array offset on value of type null in D:\xampp\htdocs\backend\autoberles\php\jarmuvek.php on line 136
[07-Feb-2026 12:36:52 Europe/Budapest] PHP Warning:  Undefined variable $HTMLlines in D:\xampp\htdocs\backend\autoberles\php\jarmuvek.php on line 136
[07-Feb-2026 12:37:31 Europe/Budapest] PHP Warning:  Undefined array key "id" in D:\xampp\htdocs\backend\autoberles\php\jarmuvek.php on line 127
[07-Feb-2026 12:37:31 Europe/Budapest] PHP Warning:  Undefined array key "id" in D:\xampp\htdocs\backend\autoberles\php\jarmuvek.php on line 132
[07-Feb-2026 12:37:31 Europe/Budapest] PHP Warning:  Undefined variable $HTMLlines in D:\xampp\htdocs\backend\autoberles\php\jarmuvek.php on line 136
[07-Feb-2026 12:37:47 Europe/Budapest] PHP Warning:  Undefined variable $HTMLlines in D:\xampp\htdocs\backend\autoberles\php\jarmuvek.php on line 136
[07-Feb-2026 12:37:57 Europe/Budapest] PHP Warning:  Undefined variable $HTMLlines in D:\xampp\htdocs\backend\autoberles\php\jarmuvek.php on line 136
[07-Feb-2026 12:42:16 Europe/Budapest] PHP Warning:  Undefined variable $felhasznalok in D:\xampp\htdocs\backend\autoberles\html\felhasznalok.html on line 4
[07-Feb-2026 12:42:16 Europe/Budapest] PHP Fatal error:  Uncaught Error: Call to a member function felhasznalo_lista() on null in D:\xampp\htdocs\backend\autoberles\html\felhasznalok.html:4
Stack trace:
#0 D:\xampp\htdocs\backend\autoberles\php\jarmuvek.php(7): include()
#1 D:\xampp\htdocs\backend\autoberles\index.php(96): include('D:\\xampp\\htdocs...')
#2 {main}
  thrown in D:\xampp\htdocs\backend\autoberles\html\felhasznalok.html on line 4
[07-Feb-2026 13:03:41 Europe/Budapest] PHP Warning:  Undefined property: autok::$hibauzenet in D:\xampp\htdocs\backend\autoberles\html\jarmufelvetel.html on line 17
[07-Feb-2026 13:05:20 Europe/Budapest] PHP Warning:  Undefined array key "auto_id" in D:\xampp\htdocs\backend\autoberles\index.php on line 109
[07-Feb-2026 13:05:44 Europe/Budapest] PHP Warning:  Undefined array key "auto_id" in D:\xampp\htdocs\backend\autoberles\index.php on line 109
[07-Feb-2026 13:06:47 Europe/Budapest] PHP Warning:  Undefined array key "auto_id" in D:\xampp\htdocs\backend\autoberles\index.php on line 109
[07-Feb-2026 13:10:07 Europe/Budapest] PHP Warning:  Undefined array key "auto_id" in D:\xampp\htdocs\backend\autoberles\index.php on line 109
[07-Feb-2026 13:13:29 Europe/Budapest] PHP Warning:  Undefined array key "auto_id" in D:\xampp\htdocs\backend\autoberles\index.php on line 108
[07-Feb-2026 13:14:36 Europe/Budapest] PHP Warning:  Undefined array key "auto_id" in D:\xampp\htdocs\backend\autoberles\index.php on line 108
[07-Feb-2026 13:14:52 Europe/Budapest] PHP Warning:  Undefined array key "auto_id" in D:\xampp\htdocs\backend\autoberles\index.php on line 108
[07-Feb-2026 13:15:50 Europe/Budapest] PHP Warning:  Undefined array key "auto_id" in D:\xampp\htdocs\backend\autoberles\html\torlesmegerosites.html on line 3
[09-Feb-2026 14:58:27 Europe/Budapest] PHP Fatal error:  Uncaught mysqli_sql_exception: Unknown database 'autokolcsonzo' in C:\xampp\htdocs\GitHub\autoberles\php\adatbaziskapcsolat.php:56
Stack trace:
#0 C:\xampp\htdocs\GitHub\autoberles\php\adatbaziskapcsolat.php(56): mysqli_connect('localhost', 'root', Object(SensitiveParameterValue), 'autokolcsonzo')
#1 C:\xampp\htdocs\GitHub\autoberles\php\adatbaziskapcsolat.php(7): adatbazis_kapcsolat->_kapcsolodas()
#2 C:\xampp\htdocs\GitHub\autoberles\index.php(22): include('C:\\xampp\\htdocs...')
#3 {main}
  thrown in C:\xampp\htdocs\GitHub\autoberles\php\adatbaziskapcsolat.php on line 56
[09-Feb-2026 14:58:33 Europe/Budapest] PHP Fatal error:  Uncaught mysqli_sql_exception: Unknown database 'autokolcsonzo' in C:\xampp\htdocs\GitHub\autoberles\php\adatbaziskapcsolat.php:56
Stack trace:
#0 C:\xampp\htdocs\GitHub\autoberles\php\adatbaziskapcsolat.php(56): mysqli_connect('localhost', 'root', Object(SensitiveParameterValue), 'autokolcsonzo')
#1 C:\xampp\htdocs\GitHub\autoberles\php\adatbaziskapcsolat.php(7): adatbazis_kapcsolat->_kapcsolodas()
#2 C:\xampp\htdocs\GitHub\autoberles\index.php(22): include('C:\\xampp\\htdocs...')
#3 {main}
  thrown in C:\xampp\htdocs\GitHub\autoberles\php\adatbaziskapcsolat.php on line 56
[09-Feb-2026 14:58:34 Europe/Budapest] PHP Fatal error:  Uncaught mysqli_sql_exception: Unknown database 'autokolcsonzo' in C:\xampp\htdocs\GitHub\autoberles\php\adatbaziskapcsolat.php:56
Stack trace:
#0 C:\xampp\htdocs\GitHub\autoberles\php\adatbaziskapcsolat.php(56): mysqli_connect('localhost', 'root', Object(SensitiveParameterValue), 'autokolcsonzo')
#1 C:\xampp\htdocs\GitHub\autoberles\php\adatbaziskapcsolat.php(7): adatbazis_kapcsolat->_kapcsolodas()
#2 C:\xampp\htdocs\GitHub\autoberles\index.php(22): include('C:\\xampp\\htdocs...')
#3 {main}
  thrown in C:\xampp\htdocs\GitHub\autoberles\php\adatbaziskapcsolat.php on line 56
[12-Feb-2026 19:35:39 Europe/Budapest] PHP Fatal error:  Uncaught mysqli_sql_exception: Nem hozható létre kapcsolat, mert a célszámítógép már visszautasította a kapcsolatot in C:\xampp\htdocs\GitHub\autoberles\php\adatbaziskapcsolat.php:56
Stack trace:
#0 C:\xampp\htdocs\GitHub\autoberles\php\adatbaziskapcsolat.php(56): mysqli_connect('localhost', 'root', Object(SensitiveParameterValue), 'autokolcsonzo')
#1 C:\xampp\htdocs\GitHub\autoberles\php\adatbaziskapcsolat.php(7): adatbazis_kapcsolat->_kapcsolodas()
#2 C:\xampp\htdocs\GitHub\autoberles\index.php(22): include('C:\\xampp\\htdocs...')
#3 {main}
  thrown in C:\xampp\htdocs\GitHub\autoberles\php\adatbaziskapcsolat.php on line 56
[12-Feb-2026 20:01:50 Europe/Budapest] PHP Fatal error:  Uncaught Error: Class "foglalas" not found in C:\xampp\htdocs\GitHub\autoberles\php\foglalaskezeles.php:3
Stack trace:
#0 C:\xampp\htdocs\GitHub\autoberles\index.php(127): include()
#1 {main}
  thrown in C:\xampp\htdocs\GitHub\autoberles\php\foglalaskezeles.php on line 3
[12-Feb-2026 20:03:13 Europe/Budapest] PHP Fatal error:  Uncaught Error: Class "fogalasok" not found in C:\xampp\htdocs\GitHub\autoberles\php\foglalaskezeles.php:3
Stack trace:
#0 C:\xampp\htdocs\GitHub\autoberles\index.php(127): include()
#1 {main}
  thrown in C:\xampp\htdocs\GitHub\autoberles\php\foglalaskezeles.php on line 3
[12-Feb-2026 20:04:26 Europe/Budapest] PHP Fatal error:  Uncaught mysqli_sql_exception: Table 'autokolcsonzo.foglalas' doesn't exist in C:\xampp\htdocs\GitHub\autoberles\php\foglalaskezeles.php:58
Stack trace:
#0 C:\xampp\htdocs\GitHub\autoberles\php\foglalaskezeles.php(58): mysqli_query(Object(mysqli), 'SELECT * FROM f...')
#1 C:\xampp\htdocs\GitHub\autoberles\html\foglalasok.html(4): foglalasok->_foglalasok_lista()
#2 C:\xampp\htdocs\GitHub\autoberles\index.php(128): include('C:\\xampp\\htdocs...')
#3 {main}
  thrown in C:\xampp\htdocs\GitHub\autoberles\php\foglalaskezeles.php on line 58
[12-Feb-2026 20:13:53 Europe/Budapest] PHP Warning:  Undefined property: foglalasok::$hibauzenet in C:\xampp\htdocs\GitHub\autoberles\html\foglalasfelvetel.html on line 17
[12-Feb-2026 20:15:32 Europe/Budapest] PHP Warning:  Undefined variable $autok in C:\xampp\htdocs\GitHub\autoberles\index.php on line 136
[12-Feb-2026 20:15:32 Europe/Budapest] PHP Fatal error:  Uncaught Error: Call to a member function ment() on null in C:\xampp\htdocs\GitHub\autoberles\index.php:136
Stack trace:
#0 {main}
  thrown in C:\xampp\htdocs\GitHub\autoberles\index.php on line 136
[16-Feb-2026 20:10:05 Europe/Budapest] PHP Fatal error:  Uncaught mysqli_sql_exception: Unknown column 'allapot' in 'field list' in C:\xampp\htdocs\GitHub\autoberles\php\foglalaskezeles.php:139
Stack trace:
#0 C:\xampp\htdocs\GitHub\autoberles\php\foglalaskezeles.php(139): mysqli_query(Object(mysqli), 'INSERT INTO fog...')
#1 C:\xampp\htdocs\GitHub\autoberles\index.php(136): foglalasok->ment()
#2 {main}
  thrown in C:\xampp\htdocs\GitHub\autoberles\php\foglalaskezeles.php on line 139
[16-Feb-2026 20:10:38 Europe/Budapest] PHP Warning:  Undefined array key "allapot" in C:\xampp\htdocs\GitHub\autoberles\php\foglalaskezeles.php on line 77
[16-Feb-2026 20:10:38 Europe/Budapest] PHP Warning:  Undefined array key "megjegyzes" in C:\xampp\htdocs\GitHub\autoberles\php\foglalaskezeles.php on line 78
[16-Feb-2026 20:10:38 Europe/Budapest] PHP Warning:  Undefined array key "allapot" in C:\xampp\htdocs\GitHub\autoberles\php\foglalaskezeles.php on line 77
[16-Feb-2026 20:10:38 Europe/Budapest] PHP Warning:  Undefined array key "megjegyzes" in C:\xampp\htdocs\GitHub\autoberles\php\foglalaskezeles.php on line 78
[16-Feb-2026 20:10:38 Europe/Budapest] PHP Warning:  Undefined array key "allapot" in C:\xampp\htdocs\GitHub\autoberles\php\foglalaskezeles.php on line 77
[16-Feb-2026 20:10:38 Europe/Budapest] PHP Warning:  Undefined array key "megjegyzes" in C:\xampp\htdocs\GitHub\autoberles\php\foglalaskezeles.php on line 78
[16-Feb-2026 20:10:38 Europe/Budapest] PHP Warning:  Undefined array key "allapot" in C:\xampp\htdocs\GitHub\autoberles\php\foglalaskezeles.php on line 77
[16-Feb-2026 20:10:38 Europe/Budapest] PHP Warning:  Undefined array key "megjegyzes" in C:\xampp\htdocs\GitHub\autoberles\php\foglalaskezeles.php on line 78
[16-Feb-2026 20:10:38 Europe/Budapest] PHP Warning:  Undefined array key "allapot" in C:\xampp\htdocs\GitHub\autoberles\php\foglalaskezeles.php on line 77
[16-Feb-2026 20:10:38 Europe/Budapest] PHP Warning:  Undefined array key "megjegyzes" in C:\xampp\htdocs\GitHub\autoberles\php\foglalaskezeles.php on line 78
[16-Feb-2026 20:10:38 Europe/Budapest] PHP Warning:  Undefined array key "allapot" in C:\xampp\htdocs\GitHub\autoberles\php\foglalaskezeles.php on line 77
[16-Feb-2026 20:10:38 Europe/Budapest] PHP Warning:  Undefined array key "megjegyzes" in C:\xampp\htdocs\GitHub\autoberles\php\foglalaskezeles.php on line 78
[16-Feb-2026 20:10:38 Europe/Budapest] PHP Warning:  Undefined array key "allapot" in C:\xampp\htdocs\GitHub\autoberles\php\foglalaskezeles.php on line 77
[16-Feb-2026 20:10:38 Europe/Budapest] PHP Warning:  Undefined array key "megjegyzes" in C:\xampp\htdocs\GitHub\autoberles\php\foglalaskezeles.php on line 78
[16-Feb-2026 20:10:38 Europe/Budapest] PHP Warning:  Undefined array key "allapot" in C:\xampp\htdocs\GitHub\autoberles\php\foglalaskezeles.php on line 77
[16-Feb-2026 20:10:38 Europe/Budapest] PHP Warning:  Undefined array key "megjegyzes" in C:\xampp\htdocs\GitHub\autoberles\php\foglalaskezeles.php on line 78
[16-Feb-2026 20:11:06 Europe/Budapest] PHP Deprecated:  Creation of dynamic property foglalasok::$allapot is deprecated in C:\xampp\htdocs\GitHub\autoberles\php\foglalaskezeles.php on line 108
[16-Feb-2026 20:11:06 Europe/Budapest] PHP Deprecated:  Creation of dynamic property foglalasok::$megjegyzes is deprecated in C:\xampp\htdocs\GitHub\autoberles\php\foglalaskezeles.php on line 110
[16-Feb-2026 20:25:08 Europe/Budapest] PHP Parse error:  syntax error, unexpected token "else", expecting "function" or "const" in C:\xampp\htdocs\GitHub\autoberles\php\foglalaskezeles.php on line 84
[16-Feb-2026 20:28:41 Europe/Budapest] PHP Parse error:  syntax error, unexpected token "else", expecting "function" or "const" in C:\xampp\htdocs\GitHub\autoberles\php\foglalaskezeles.php on line 84
[16-Feb-2026 20:28:42 Europe/Budapest] PHP Parse error:  syntax error, unexpected token "else", expecting "function" or "const" in C:\xampp\htdocs\GitHub\autoberles\php\foglalaskezeles.php on line 84
[16-Feb-2026 20:31:05 Europe/Budapest] PHP Parse error:  syntax error, unexpected token "else", expecting "function" or "const" in C:\xampp\htdocs\GitHub\autoberles\php\foglalaskezeles.php on line 84
[16-Feb-2026 20:37:40 Europe/Budapest] PHP Warning:  Undefined array key "foglalas_id" in C:\xampp\htdocs\GitHub\autoberles\index.php on line 160
[16-Feb-2026 20:37:40 Europe/Budapest] PHP Fatal error:  Uncaught mysqli_sql_exception: You have an error in your SQL syntax; check the manual that corresponds to your MariaDB server version for the right syntax to use near '' at line 1 in C:\xampp\htdocs\GitHub\autoberles\php\foglalaskezeles.php:231
Stack trace:
#0 C:\xampp\htdocs\GitHub\autoberles\php\foglalaskezeles.php(231): mysqli_query(Object(mysqli), 'DELETE FROM fog...')
#1 C:\xampp\htdocs\GitHub\autoberles\index.php(160): foglalasok->torles(NULL)
#2 {main}
  thrown in C:\xampp\htdocs\GitHub\autoberles\php\foglalaskezeles.php on line 231
[16-Feb-2026 21:15:23 Europe/Budapest] PHP Parse error:  syntax error, unexpected token "public", expecting end of file in D:\xampp\htdocs\backend\autoberles\php\jarmuvek.php on line 291
[16-Feb-2026 21:15:26 Europe/Budapest] PHP Parse error:  syntax error, unexpected token "public", expecting end of file in D:\xampp\htdocs\backend\autoberles\php\jarmuvek.php on line 291
[16-Feb-2026 21:15:46 Europe/Budapest] PHP Parse error:  syntax error, unexpected token "public", expecting end of file in D:\xampp\htdocs\backend\autoberles\php\jarmuvek.php on line 291
[16-Feb-2026 21:16:01 Europe/Budapest] PHP Parse error:  syntax error, unexpected token "public", expecting end of file in D:\xampp\htdocs\backend\autoberles\php\jarmuvek.php on line 291
[16-Feb-2026 21:16:02 Europe/Budapest] PHP Parse error:  syntax error, unexpected token "public", expecting end of file in D:\xampp\htdocs\backend\autoberles\php\jarmuvek.php on line 291
[16-Feb-2026 21:17:53 Europe/Budapest] PHP Parse error:  syntax error, unexpected token ";", expecting "function" or "const" in D:\xampp\htdocs\backend\autoberles\php\jarmuvek.php on line 344
[16-Feb-2026 21:17:53 Europe/Budapest] PHP Parse error:  syntax error, unexpected token ";", expecting "function" or "const" in D:\xampp\htdocs\backend\autoberles\php\jarmuvek.php on line 344
[18-Feb-2026 14:49:47 Europe/Budapest] PHP Fatal error:  Uncaught mysqli_sql_exception: You have an error in your SQL syntax; check the manual that corresponds to your MariaDB server version for the right syntax to use near 'state = 0
                      WHERE id = 15' at line 3 in D:\xampp\htdocs\backend\autoberles\php\felhasznalok.php:358
Stack trace:
#0 D:\xampp\htdocs\backend\autoberles\php\felhasznalok.php(358): mysqli_query(Object(mysqli), 'UPDATE user\r\n  ...')
#1 D:\xampp\htdocs\backend\autoberles\index.php(86): felhasznalok->torles('15')
#2 {main}
  thrown in D:\xampp\htdocs\backend\autoberles\php\felhasznalok.php on line 358
[22-Feb-2026 12:04:46 Europe/Budapest] PHP Warning:  Undefined variable $mail_psw in D:\xampp\htdocs\backend\autoberles\php\levelezes.php on line 12
[22-Feb-2026 14:00:26 Europe/Budapest] PHP Warning:  Undefined variable $belepve in D:\xampp\htdocs\backend\autoberles\index.php on line 47
[22-Feb-2026 14:00:47 Europe/Budapest] PHP Warning:  Undefined variable $belepve in D:\xampp\htdocs\backend\autoberles\index.php on line 47
[22-Feb-2026 14:00:48 Europe/Budapest] PHP Warning:  Undefined variable $belepve in D:\xampp\htdocs\backend\autoberles\index.php on line 47
[22-Feb-2026 14:00:55 Europe/Budapest] PHP Warning:  Undefined variable $belepve in D:\xampp\htdocs\backend\autoberles\index.php on line 47
[26-Feb-2026 15:48:17 Europe/Budapest] PHP Parse error:  syntax error, unexpected token "<" in D:\xampp\htdocs\backend\autoberles\html\oldal.html on line 9
[26-Feb-2026 15:50:19 Europe/Budapest] PHP Parse error:  syntax error, unexpected token "<" in D:\xampp\htdocs\backend\autoberles\html\oldal.html on line 9
[26-Feb-2026 15:52:54 Europe/Budapest] PHP Warning:  Undefined variable $name in D:\xampp\htdocs\backend\autoberles\html\oldal.html on line 13
[26-Feb-2026 15:57:37 Europe/Budapest] PHP Warning:  Undefined array key "username" in D:\xampp\htdocs\backend\autoberles\html\oldal.html on line 14
[26-Feb-2026 15:57:37 Europe/Budapest] PHP Deprecated:  htmlspecialchars(): Passing null to parameter #1 ($string) of type string is deprecated in D:\xampp\htdocs\backend\autoberles\html\oldal.html on line 14
[26-Feb-2026 15:57:51 Europe/Budapest] PHP Warning:  Undefined array key "name" in D:\xampp\htdocs\backend\autoberles\html\oldal.html on line 14
[26-Feb-2026 15:57:51 Europe/Budapest] PHP Deprecated:  htmlspecialchars(): Passing null to parameter #1 ($string) of type string is deprecated in D:\xampp\htdocs\backend\autoberles\html\oldal.html on line 14
[26-Feb-2026 15:58:49 Europe/Budapest] PHP Warning:  Undefined array key "username" in D:\xampp\htdocs\backend\autoberles\html\oldal.html on line 13
[26-Feb-2026 15:59:03 Europe/Budapest] PHP Warning:  Undefined array key "username" in D:\xampp\htdocs\backend\autoberles\html\oldal.html on line 13
[26-Feb-2026 15:59:18 Europe/Budapest] PHP Warning:  Undefined array key "username" in D:\xampp\htdocs\backend\autoberles\html\oldal.html on line 13
[26-Feb-2026 15:59:29 Europe/Budapest] PHP Warning:  Undefined array key "username" in D:\xampp\htdocs\backend\autoberles\html\oldal.html on line 13
[26-Feb-2026 16:00:18 Europe/Budapest] PHP Warning:  Undefined variable $name in D:\xampp\htdocs\backend\autoberles\html\oldal.html on line 13
[26-Feb-2026 16:00:30 Europe/Budapest] PHP Warning:  Undefined variable $name in D:\xampp\htdocs\backend\autoberles\html\oldal.html on line 13
[26-Feb-2026 16:01:27 Europe/Budapest] PHP Warning:  Undefined variable $name in D:\xampp\htdocs\backend\autoberles\html\oldal.html on line 13
[26-Feb-2026 16:02:24 Europe/Budapest] PHP Warning:  Undefined variable $name in D:\xampp\htdocs\backend\autoberles\html\oldal.html on line 14
[26-Feb-2026 16:02:32 Europe/Budapest] PHP Warning:  Undefined variable $name in D:\xampp\htdocs\backend\autoberles\html\oldal.html on line 14
[26-Feb-2026 16:08:48 Europe/Budapest] PHP Warning:  Undefined variable $belepve in D:\xampp\htdocs\backend\autoberles\index.php on line 47
[26-Feb-2026 16:08:48 Europe/Budapest] PHP Warning:  Undefined variable $belepve in D:\xampp\htdocs\backend\autoberles\html\oldal.html on line 7
[26-Feb-2026 16:08:50 Europe/Budapest] PHP Warning:  Undefined variable $belepve in D:\xampp\htdocs\backend\autoberles\index.php on line 47
[26-Feb-2026 16:08:52 Europe/Budapest] PHP Warning:  Undefined variable $belepve in D:\xampp\htdocs\backend\autoberles\index.php on line 47
[26-Feb-2026 16:08:52 Europe/Budapest] PHP Warning:  Undefined variable $belepve in D:\xampp\htdocs\backend\autoberles\html\oldal.html on line 7
[26-Feb-2026 16:08:54 Europe/Budapest] PHP Warning:  Undefined variable $belepve in D:\xampp\htdocs\backend\autoberles\index.php on line 47
[26-Feb-2026 16:09:24 Europe/Budapest] PHP Warning:  Undefined variable $belepve in D:\xampp\htdocs\backend\autoberles\index.php on line 47
[26-Feb-2026 16:14:41 Europe/Budapest] PHP Notice:  session_start(): Ignoring session_start() because a session is already active in D:\xampp\htdocs\backend\autoberles\php\belepes.php on line 2
[26-Feb-2026 16:15:11 Europe/Budapest] PHP Parse error:  syntax error, unexpected token "/" in D:\xampp\htdocs\backend\autoberles\html\oldal.html on line 17
[26-Feb-2026 16:15:26 Europe/Budapest] PHP Parse error:  syntax error, unexpected token "/" in D:\xampp\htdocs\backend\autoberles\html\oldal.html on line 17
[26-Feb-2026 19:41:35 Europe/Budapest] PHP Fatal error:  Uncaught Error: Call to undefined function isAdmin() in D:\xampp\htdocs\backend\autoberles\html\oldal.html:18
Stack trace:
#0 D:\xampp\htdocs\backend\autoberles\index.php(165): include()
#1 {main}
  thrown in D:\xampp\htdocs\backend\autoberles\html\oldal.html on line 18
[26-Feb-2026 20:23:17 Europe/Budapest] PHP Warning:  Undefined variable $felhasznalok in D:\xampp\htdocs\backend\autoberles\html\oldal.html on line 18
[26-Feb-2026 20:23:17 Europe/Budapest] PHP Warning:  Trying to access array offset on value of type null in D:\xampp\htdocs\backend\autoberles\html\oldal.html on line 18
[26-Feb-2026 20:26:05 Europe/Budapest] PHP Warning:  Undefined variable $felhasznalok in D:\xampp\htdocs\backend\autoberles\html\oldal.html on line 18
[26-Feb-2026 20:26:05 Europe/Budapest] PHP Warning:  Attempt to read property "admin" on null in D:\xampp\htdocs\backend\autoberles\html\oldal.html on line 18
[26-Feb-2026 20:38:47 Europe/Budapest] PHP Warning:  Undefined property: belep::$db_kapcsolat in D:\xampp\htdocs\backend\autoberles\php\belepes.php on line 74
[26-Feb-2026 20:38:51 Europe/Budapest] PHP Warning:  Undefined property: belep::$db_kapcsolat in D:\xampp\htdocs\backend\autoberles\php\belepes.php on line 74
[26-Feb-2026 20:39:09 Europe/Budapest] PHP Warning:  Undefined property: belep::$db_kapcsolat in D:\xampp\htdocs\backend\autoberles\php\belepes.php on line 74
[26-Feb-2026 20:39:09 Europe/Budapest] PHP Parse error:  syntax error, unexpected token "<" in D:\xampp\htdocs\backend\autoberles\html\oldal.html on line 18
[26-Feb-2026 20:40:01 Europe/Budapest] PHP Warning:  Undefined array key "admin" in D:\xampp\htdocs\backend\autoberles\php\belepes.php on line 95
[26-Feb-2026 20:40:01 Europe/Budapest] PHP Deprecated:  Creation of dynamic property belep::$adminvagysem is deprecated in D:\xampp\htdocs\backend\autoberles\php\belepes.php on line 98
[26-Feb-2026 20:40:01 Europe/Budapest] PHP Parse error:  syntax error, unexpected token "}" in D:\xampp\htdocs\backend\autoberles\html\oldal.html on line 22
[26-Feb-2026 20:40:56 Europe/Budapest] PHP Parse error:  syntax error, unexpected token "}" in D:\xampp\htdocs\backend\autoberles\html\oldal.html on line 22
[26-Feb-2026 20:41:14 Europe/Budapest] PHP Warning:  Undefined array key "admin" in D:\xampp\htdocs\backend\autoberles\php\belepes.php on line 96
[26-Feb-2026 20:41:14 Europe/Budapest] PHP Deprecated:  Creation of dynamic property belep::$adminvagysem is deprecated in D:\xampp\htdocs\backend\autoberles\php\belepes.php on line 99
[26-Feb-2026 20:41:39 Europe/Budapest] PHP Warning:  Undefined array key "admin" in D:\xampp\htdocs\backend\autoberles\php\belepes.php on line 96
[26-Feb-2026 20:41:39 Europe/Budapest] PHP Deprecated:  Creation of dynamic property belep::$adminvagysem is deprecated in D:\xampp\htdocs\backend\autoberles\php\belepes.php on line 99
[26-Feb-2026 20:41:51 Europe/Budapest] PHP Warning:  Undefined array key "admin" in D:\xampp\htdocs\backend\autoberles\php\belepes.php on line 96
[26-Feb-2026 20:41:51 Europe/Budapest] PHP Deprecated:  Creation of dynamic property belep::$adminvagysem is deprecated in D:\xampp\htdocs\backend\autoberles\php\belepes.php on line 99
[26-Feb-2026 20:42:34 Europe/Budapest] PHP Warning:  Undefined variable $admin in D:\xampp\htdocs\backend\autoberles\html\oldal.html on line 18
[26-Feb-2026 20:42:44 Europe/Budapest] PHP Parse error:  syntax error, unexpected token ")" in D:\xampp\htdocs\backend\autoberles\html\oldal.html on line 18
[26-Feb-2026 20:51:14 Europe/Budapest] PHP Parse error:  syntax error, unexpected token "<" in D:\xampp\htdocs\backend\autoberles\html\felhasznalofelvetel.html on line 31
[26-Feb-2026 21:00:37 Europe/Budapest] PHP Deprecated:  md5(): Passing null to parameter #1 ($string) of type string is deprecated in D:\xampp\htdocs\backend\autoberles\php\felhasznalok.php on line 331
[26-Feb-2026 21:00:37 Europe/Budapest] PHP Fatal error:  Uncaught mysqli_sql_exception: You have an error in your SQL syntax; check the manual that corresponds to your MariaDB server version for the right syntax to use near 'password='d41d8cd98f00b204e9800998ecf8427e',
                              W...' at line 5 in D:\xampp\htdocs\backend\autoberles\php\felhasznalok.php:345
Stack trace:
#0 D:\xampp\htdocs\backend\autoberles\php\felhasznalok.php(345): mysqli_query(Object(mysqli), 'UPDATE user\r\n  ...')
#1 D:\xampp\htdocs\backend\autoberles\index.php(79): felhasznalok->felhasznalo_frissit('20')
#2 {main}
  thrown in D:\xampp\htdocs\backend\autoberles\php\felhasznalok.php on line 345
[26-Feb-2026 21:01:42 Europe/Budapest] PHP Warning:  Undefined variable $_password in D:\xampp\htdocs\backend\autoberles\php\felhasznalok.php on line 341
[26-Feb-2026 21:01:42 Europe/Budapest] PHP Fatal error:  Uncaught mysqli_sql_exception: You have an error in your SQL syntax; check the manual that corresponds to your MariaDB server version for the right syntax to use near 'password='',
                              WHERE  id = '20'' at line 5 in D:\xampp\htdocs\backend\autoberles\php\felhasznalok.php:345
Stack trace:
#0 D:\xampp\htdocs\backend\autoberles\php\felhasznalok.php(345): mysqli_query(Object(mysqli), 'UPDATE user\r\n  ...')
#1 D:\xampp\htdocs\backend\autoberles\index.php(79): felhasznalok->felhasznalo_frissit('20')
#2 {main}
  thrown in D:\xampp\htdocs\backend\autoberles\php\felhasznalok.php on line 345
[26-Feb-2026 21:01:54 Europe/Budapest] PHP Deprecated:  md5(): Passing null to parameter #1 ($string) of type string is deprecated in D:\xampp\htdocs\backend\autoberles\php\felhasznalok.php on line 331
[26-Feb-2026 21:01:54 Europe/Budapest] PHP Fatal error:  Uncaught mysqli_sql_exception: You have an error in your SQL syntax; check the manual that corresponds to your MariaDB server version for the right syntax to use near 'password='d41d8cd98f00b204e9800998ecf8427e',
                              W...' at line 5 in D:\xampp\htdocs\backend\autoberles\php\felhasznalok.php:345
Stack trace:
#0 D:\xampp\htdocs\backend\autoberles\php\felhasznalok.php(345): mysqli_query(Object(mysqli), 'UPDATE user\r\n  ...')
#1 D:\xampp\htdocs\backend\autoberles\index.php(79): felhasznalok->felhasznalo_frissit('20')
#2 {main}
  thrown in D:\xampp\htdocs\backend\autoberles\php\felhasznalok.php on line 345
[26-Feb-2026 21:02:08 Europe/Budapest] PHP Fatal error:  Uncaught mysqli_sql_exception: You have an error in your SQL syntax; check the manual that corresponds to your MariaDB server version for the right syntax to use near 'password='',
                              WHERE  id = '20'' at line 5 in D:\xampp\htdocs\backend\autoberles\php\felhasznalok.php:345
Stack trace:
#0 D:\xampp\htdocs\backend\autoberles\php\felhasznalok.php(345): mysqli_query(Object(mysqli), 'UPDATE user\r\n  ...')
#1 D:\xampp\htdocs\backend\autoberles\index.php(79): felhasznalok->felhasznalo_frissit('20')
#2 {main}
  thrown in D:\xampp\htdocs\backend\autoberles\php\felhasznalok.php on line 345
[26-Feb-2026 21:02:36 Europe/Budapest] PHP Fatal error:  Uncaught mysqli_sql_exception: You have an error in your SQL syntax; check the manual that corresponds to your MariaDB server version for the right syntax to use near 'password='',
                              WHERE  id = '20'' at line 5 in D:\xampp\htdocs\backend\autoberles\php\felhasznalok.php:345
Stack trace:
#0 D:\xampp\htdocs\backend\autoberles\php\felhasznalok.php(345): mysqli_query(Object(mysqli), 'UPDATE user\r\n  ...')
#1 D:\xampp\htdocs\backend\autoberles\index.php(79): felhasznalok->felhasznalo_frissit('20')
#2 {main}
  thrown in D:\xampp\htdocs\backend\autoberles\php\felhasznalok.php on line 345
[26-Feb-2026 21:04:38 Europe/Budapest] PHP Deprecated:  md5(): Passing null to parameter #1 ($string) of type string is deprecated in D:\xampp\htdocs\backend\autoberles\php\felhasznalok.php on line 331
[26-Feb-2026 21:05:30 Europe/Budapest] PHP Deprecated:  md5(): Passing null to parameter #1 ($string) of type string is deprecated in D:\xampp\htdocs\backend\autoberles\php\felhasznalok.php on line 331
[26-Feb-2026 21:08:38 Europe/Budapest] PHP Deprecated:  md5(): Passing null to parameter #1 ($string) of type string is deprecated in D:\xampp\htdocs\backend\autoberles\php\felhasznalok.php on line 331
[26-Feb-2026 21:09:26 Europe/Budapest] PHP Warning:  Undefined variable $ujdatarendben in D:\xampp\htdocs\backend\autoberles\php\felhasznalok.php on line 326
[28-Feb-2026 10:20:26 Europe/Budapest] PHP Parse error:  syntax error, unexpected token "<" in D:\xampp\htdocs\backend\autoberles\html\vezerlopult2.html on line 18
[28-Feb-2026 10:20:29 Europe/Budapest] PHP Parse error:  syntax error, unexpected token "<" in D:\xampp\htdocs\backend\autoberles\html\vezerlopult2.html on line 18
[28-Feb-2026 10:20:51 Europe/Budapest] PHP Parse error:  Unclosed '(' on line 18 does not match '}' in D:\xampp\htdocs\backend\autoberles\html\vezerlopult2.html on line 19
[28-Feb-2026 10:24:36 Europe/Budapest] PHP Warning:  Undefined variable $felhasznalok in D:\xampp\htdocs\backend\autoberles\html\vezerlopult2.html on line 18
[28-Feb-2026 10:24:36 Europe/Budapest] PHP Warning:  Attempt to read property "name" on null in D:\xampp\htdocs\backend\autoberles\html\vezerlopult2.html on line 18
[28-Feb-2026 10:25:19 Europe/Budapest] PHP Warning:  Undefined variable $felhasznalok in D:\xampp\htdocs\backend\autoberles\html\vezerlopult2.html on line 18
[28-Feb-2026 10:25:19 Europe/Budapest] PHP Warning:  Attempt to read property "name" on null in D:\xampp\htdocs\backend\autoberles\html\vezerlopult2.html on line 18
[28-Feb-2026 10:25:30 Europe/Budapest] PHP Warning:  Undefined variable $felhasznalok in D:\xampp\htdocs\backend\autoberles\html\vezerlopult2.html on line 18
[28-Feb-2026 10:25:30 Europe/Budapest] PHP Warning:  Attempt to read property "name" on null in D:\xampp\htdocs\backend\autoberles\html\vezerlopult2.html on line 18
[28-Feb-2026 10:26:06 Europe/Budapest] PHP Parse error:  syntax error, unexpected token "<" in D:\xampp\htdocs\backend\autoberles\html\vezerlopult2.html on line 18
[28-Feb-2026 10:26:08 Europe/Budapest] PHP Parse error:  syntax error, unexpected token "<" in D:\xampp\htdocs\backend\autoberles\html\vezerlopult2.html on line 18
[28-Feb-2026 10:26:09 Europe/Budapest] PHP Parse error:  syntax error, unexpected token "<" in D:\xampp\htdocs\backend\autoberles\html\vezerlopult2.html on line 18
[28-Feb-2026 10:26:16 Europe/Budapest] PHP Warning:  Undefined variable $felhasznalok in D:\xampp\htdocs\backend\autoberles\html\vezerlopult2.html on line 18
[28-Feb-2026 10:26:16 Europe/Budapest] PHP Warning:  Attempt to read property "name" on null in D:\xampp\htdocs\backend\autoberles\html\vezerlopult2.html on line 18
[01-Mar-2026 10:32:32 Europe/Budapest] PHP Warning:  Undefined variable $felhasznaloNev in D:\xampp\htdocs\backend\autoberles\php\felhasznalok.php on line 241
[01-Mar-2026 10:33:01 Europe/Budapest] PHP Warning:  Undefined variable $felhasznaloNev in D:\xampp\htdocs\backend\autoberles\php\felhasznalok.php on line 241
[01-Mar-2026 10:34:00 Europe/Budapest] PHP Parse error:  syntax error, unexpected single-quoted string "!</h1>" in D:\xampp\htdocs\backend\autoberles\php\felhasznalok.php on line 243
[01-Mar-2026 13:06:00 Europe/Budapest] PHP Warning:  Undefined variable $autok in D:\xampp\htdocs\backend\autoberles\html\autoklista.html on line 30
[01-Mar-2026 13:06:00 Europe/Budapest] PHP Fatal error:  Uncaught Error: Call to a member function autok_mejelenites() on null in D:\xampp\htdocs\backend\autoberles\html\autoklista.html:30
Stack trace:
#0 D:\xampp\htdocs\backend\autoberles\index.php(171): include()
#1 {main}
  thrown in D:\xampp\htdocs\backend\autoberles\html\autoklista.html on line 30
[01-Mar-2026 13:10:17 Europe/Budapest] PHP Parse error:  syntax error, unexpected single-quoted string "</p>" in D:\xampp\htdocs\backend\autoberles\php\jarmuvek.php on line 199
[01-Mar-2026 13:30:43 Europe/Budapest] PHP Warning:  Undefined property: autok::$szallithato_szemelyek in D:\xampp\htdocs\backend\autoberles\html\jarmufelvetel.html on line 25
[01-Mar-2026 13:30:43 Europe/Budapest] PHP Warning:  Undefined property: autok::$uzemanyag in D:\xampp\htdocs\backend\autoberles\html\jarmufelvetel.html on line 27
[01-Mar-2026 13:30:43 Europe/Budapest] PHP Warning:  Undefined property: autok::$teljesitmeny in D:\xampp\htdocs\backend\autoberles\html\jarmufelvetel.html on line 29
[01-Mar-2026 13:30:43 Europe/Budapest] PHP Warning:  Undefined property: autok::$sebessegvalto_tipusa in D:\xampp\htdocs\backend\autoberles\html\jarmufelvetel.html on line 31
[01-Mar-2026 13:30:43 Europe/Budapest] PHP Warning:  Undefined property: autok::$hengerurtartalom in D:\xampp\htdocs\backend\autoberles\html\jarmufelvetel.html on line 33
[01-Mar-2026 13:30:43 Europe/Budapest] PHP Warning:  Undefined property: autok::$vegyes_fogyasztastol in D:\xampp\htdocs\backend\autoberles\html\jarmufelvetel.html on line 35
[01-Mar-2026 13:30:43 Europe/Budapest] PHP Warning:  Undefined property: autok::$vegyes_fogyasztastol in D:\xampp\htdocs\backend\autoberles\html\jarmufelvetel.html on line 36
[01-Mar-2026 13:31:06 Europe/Budapest] PHP Warning:  Undefined property: autok::$szallithato_szemelyek in D:\xampp\htdocs\backend\autoberles\html\jarmufelvetel.html on line 25
[01-Mar-2026 13:31:06 Europe/Budapest] PHP Warning:  Undefined property: autok::$uzemanyag in D:\xampp\htdocs\backend\autoberles\html\jarmufelvetel.html on line 27
[01-Mar-2026 13:31:06 Europe/Budapest] PHP Warning:  Undefined property: autok::$teljesitmeny in D:\xampp\htdocs\backend\autoberles\html\jarmufelvetel.html on line 29
[01-Mar-2026 13:31:06 Europe/Budapest] PHP Warning:  Undefined property: autok::$sebessegvalto_tipusa in D:\xampp\htdocs\backend\autoberles\html\jarmufelvetel.html on line 31
[01-Mar-2026 13:31:06 Europe/Budapest] PHP Warning:  Undefined property: autok::$hengerurtartalom in D:\xampp\htdocs\backend\autoberles\html\jarmufelvetel.html on line 33
[01-Mar-2026 13:31:06 Europe/Budapest] PHP Warning:  Undefined property: autok::$vegyes_fogyasztastol in D:\xampp\htdocs\backend\autoberles\html\jarmufelvetel.html on line 35
[01-Mar-2026 13:31:06 Europe/Budapest] PHP Warning:  Undefined property: autok::$vegyes_fogyasztasig in D:\xampp\htdocs\backend\autoberles\html\jarmufelvetel.html on line 36
[01-Mar-2026 13:31:15 Europe/Budapest] PHP Warning:  Undefined property: autok::$szallithato_szemelyek in D:\xampp\htdocs\backend\autoberles\html\jarmufelvetel.html on line 25
[01-Mar-2026 13:31:15 Europe/Budapest] PHP Warning:  Undefined property: autok::$uzemanyag in D:\xampp\htdocs\backend\autoberles\html\jarmufelvetel.html on line 27
[01-Mar-2026 13:31:15 Europe/Budapest] PHP Warning:  Undefined property: autok::$teljesitmeny in D:\xampp\htdocs\backend\autoberles\html\jarmufelvetel.html on line 29
[01-Mar-2026 13:31:15 Europe/Budapest] PHP Warning:  Undefined property: autok::$sebessegvalto_tipusa in D:\xampp\htdocs\backend\autoberles\html\jarmufelvetel.html on line 31
[01-Mar-2026 13:31:15 Europe/Budapest] PHP Warning:  Undefined property: autok::$hengerurtartalom in D:\xampp\htdocs\backend\autoberles\html\jarmufelvetel.html on line 33
[01-Mar-2026 13:31:15 Europe/Budapest] PHP Warning:  Undefined property: autok::$vegyes_fogyasztastol in D:\xampp\htdocs\backend\autoberles\html\jarmufelvetel.html on line 35
[01-Mar-2026 13:31:15 Europe/Budapest] PHP Warning:  Undefined property: autok::$vegyes_fogyasztasig in D:\xampp\htdocs\backend\autoberles\html\jarmufelvetel.html on line 36
[01-Mar-2026 13:31:31 Europe/Budapest] PHP Warning:  Undefined property: autok::$szallithato_szemelyek in D:\xampp\htdocs\backend\autoberles\html\jarmufelvetel.html on line 25
[01-Mar-2026 13:31:31 Europe/Budapest] PHP Warning:  Undefined property: autok::$uzemanyag in D:\xampp\htdocs\backend\autoberles\html\jarmufelvetel.html on line 27
[01-Mar-2026 13:31:31 Europe/Budapest] PHP Warning:  Undefined property: autok::$teljesitmeny in D:\xampp\htdocs\backend\autoberles\html\jarmufelvetel.html on line 29
[01-Mar-2026 13:31:31 Europe/Budapest] PHP Warning:  Undefined property: autok::$sebessegvalto_tipusa in D:\xampp\htdocs\backend\autoberles\html\jarmufelvetel.html on line 31
[01-Mar-2026 13:31:31 Europe/Budapest] PHP Warning:  Undefined property: autok::$hengerurtartalom in D:\xampp\htdocs\backend\autoberles\html\jarmufelvetel.html on line 33
[01-Mar-2026 13:31:31 Europe/Budapest] PHP Warning:  Undefined property: autok::$vegyes_fogyasztastol in D:\xampp\htdocs\backend\autoberles\html\jarmufelvetel.html on line 35
[01-Mar-2026 13:31:31 Europe/Budapest] PHP Warning:  Undefined property: autok::$vegyes_fogyasztasig in D:\xampp\htdocs\backend\autoberles\html\jarmufelvetel.html on line 36
[01-Mar-2026 13:31:39 Europe/Budapest] PHP Warning:  Undefined property: autok::$szallithato_szemelyek in D:\xampp\htdocs\backend\autoberles\html\jarmufelvetel.html on line 23
[01-Mar-2026 13:31:39 Europe/Budapest] PHP Warning:  Undefined property: autok::$uzemanyag in D:\xampp\htdocs\backend\autoberles\html\jarmufelvetel.html on line 25
[01-Mar-2026 13:31:39 Europe/Budapest] PHP Warning:  Undefined property: autok::$teljesitmeny in D:\xampp\htdocs\backend\autoberles\html\jarmufelvetel.html on line 27
[01-Mar-2026 13:31:39 Europe/Budapest] PHP Warning:  Undefined property: autok::$sebessegvalto_tipusa in D:\xampp\htdocs\backend\autoberles\html\jarmufelvetel.html on line 29
[01-Mar-2026 13:31:39 Europe/Budapest] PHP Warning:  Undefined property: autok::$hengerurtartalom in D:\xampp\htdocs\backend\autoberles\html\jarmufelvetel.html on line 31
[01-Mar-2026 13:31:39 Europe/Budapest] PHP Warning:  Undefined property: autok::$vegyes_fogyasztastol in D:\xampp\htdocs\backend\autoberles\html\jarmufelvetel.html on line 33
[01-Mar-2026 13:31:39 Europe/Budapest] PHP Warning:  Undefined property: autok::$vegyes_fogyasztasig in D:\xampp\htdocs\backend\autoberles\html\jarmufelvetel.html on line 34
[01-Mar-2026 13:35:17 Europe/Budapest] PHP Warning:  Undefined property: autok::$szallithato_szemelyek in D:\xampp\htdocs\backend\autoberles\html\jarmufelvetel.html on line 23
[01-Mar-2026 13:35:17 Europe/Budapest] PHP Warning:  Undefined property: autok::$uzemanyag in D:\xampp\htdocs\backend\autoberles\html\jarmufelvetel.html on line 25
[01-Mar-2026 13:35:17 Europe/Budapest] PHP Warning:  Undefined property: autok::$teljesitmeny in D:\xampp\htdocs\backend\autoberles\html\jarmufelvetel.html on line 27
[01-Mar-2026 13:35:17 Europe/Budapest] PHP Warning:  Undefined property: autok::$sebessegvalto_tipusa in D:\xampp\htdocs\backend\autoberles\html\jarmufelvetel.html on line 29
[01-Mar-2026 13:35:17 Europe/Budapest] PHP Warning:  Undefined property: autok::$hengerurtartalom in D:\xampp\htdocs\backend\autoberles\html\jarmufelvetel.html on line 31
[01-Mar-2026 13:35:17 Europe/Budapest] PHP Warning:  Undefined property: autok::$vegyes_fogyasztastol in D:\xampp\htdocs\backend\autoberles\html\jarmufelvetel.html on line 33
[01-Mar-2026 13:35:17 Europe/Budapest] PHP Warning:  Undefined property: autok::$vegyes_fogyasztasig in D:\xampp\htdocs\backend\autoberles\html\jarmufelvetel.html on line 34
[01-Mar-2026 13:35:18 Europe/Budapest] PHP Warning:  Undefined property: autok::$szallithato_szemelyek in D:\xampp\htdocs\backend\autoberles\html\jarmufelvetel.html on line 23
[01-Mar-2026 13:35:18 Europe/Budapest] PHP Warning:  Undefined property: autok::$uzemanyag in D:\xampp\htdocs\backend\autoberles\html\jarmufelvetel.html on line 25
[01-Mar-2026 13:35:18 Europe/Budapest] PHP Warning:  Undefined property: autok::$teljesitmeny in D:\xampp\htdocs\backend\autoberles\html\jarmufelvetel.html on line 27
[01-Mar-2026 13:35:18 Europe/Budapest] PHP Warning:  Undefined property: autok::$sebessegvalto_tipusa in D:\xampp\htdocs\backend\autoberles\html\jarmufelvetel.html on line 29
[01-Mar-2026 13:35:18 Europe/Budapest] PHP Warning:  Undefined property: autok::$hengerurtartalom in D:\xampp\htdocs\backend\autoberles\html\jarmufelvetel.html on line 31
[01-Mar-2026 13:35:18 Europe/Budapest] PHP Warning:  Undefined property: autok::$vegyes_fogyasztastol in D:\xampp\htdocs\backend\autoberles\html\jarmufelvetel.html on line 33
[01-Mar-2026 13:35:18 Europe/Budapest] PHP Warning:  Undefined property: autok::$vegyes_fogyasztasig in D:\xampp\htdocs\backend\autoberles\html\jarmufelvetel.html on line 34
[01-Mar-2026 13:35:22 Europe/Budapest] PHP Warning:  Undefined property: autok::$szallithato_szemelyek in D:\xampp\htdocs\backend\autoberles\html\jarmufelvetel.html on line 23
[01-Mar-2026 13:35:22 Europe/Budapest] PHP Warning:  Undefined property: autok::$uzemanyag in D:\xampp\htdocs\backend\autoberles\html\jarmufelvetel.html on line 25
[01-Mar-2026 13:35:22 Europe/Budapest] PHP Warning:  Undefined property: autok::$teljesitmeny in D:\xampp\htdocs\backend\autoberles\html\jarmufelvetel.html on line 27
[01-Mar-2026 13:35:22 Europe/Budapest] PHP Warning:  Undefined property: autok::$sebessegvalto_tipusa in D:\xampp\htdocs\backend\autoberles\html\jarmufelvetel.html on line 29
[01-Mar-2026 13:35:22 Europe/Budapest] PHP Warning:  Undefined property: autok::$hengerurtartalom in D:\xampp\htdocs\backend\autoberles\html\jarmufelvetel.html on line 31
[01-Mar-2026 13:35:22 Europe/Budapest] PHP Warning:  Undefined property: autok::$vegyes_fogyasztastol in D:\xampp\htdocs\backend\autoberles\html\jarmufelvetel.html on line 33
[01-Mar-2026 13:35:22 Europe/Budapest] PHP Warning:  Undefined property: autok::$vegyes_fogyasztasig in D:\xampp\htdocs\backend\autoberles\html\jarmufelvetel.html on line 34
[01-Mar-2026 14:40:24 Europe/Budapest] PHP Warning:  move_uploaded_file(D:\xampp\htdocs\backend\autoberlesimg/69a441c8eea78.png): Failed to open stream: No such file or directory in D:\xampp\htdocs\backend\autoberles\php\jarmuvek.php on line 254
[01-Mar-2026 14:40:24 Europe/Budapest] PHP Warning:  move_uploaded_file(): Unable to move &quot;D:\xampp\tmp\php8276.tmp&quot; to &quot;D:\xampp\htdocs\backend\autoberlesimg/69a441c8eea78.png&quot; in D:\xampp\htdocs\backend\autoberles\php\jarmuvek.php on line 254
[01-Mar-2026 14:48:15 Europe/Budapest] PHP Warning:  Undefined variable $autok in D:\xampp\htdocs\backend\autoberles\html\autoklista.html on line 30
[01-Mar-2026 14:48:15 Europe/Budapest] PHP Fatal error:  Uncaught Error: Call to a member function autok_mejelenites() on null in D:\xampp\htdocs\backend\autoberles\html\autoklista.html:30
Stack trace:
#0 D:\xampp\htdocs\backend\autoberles\index.php(209): include()
#1 {main}
  thrown in D:\xampp\htdocs\backend\autoberles\html\autoklista.html on line 30
[02-Mar-2026 20:21:59 Europe/Berlin] PHP Warning:  Undefined variable $log_enabled in C:\xamp\htdocs\backend\autoberles\php\naplo.php on line 20
[02-Mar-2026 20:21:59 Europe/Berlin] PHP Warning:  Undefined variable $database_host in C:\xamp\htdocs\backend\autoberles\php\adatbaziskapcsolat.php on line 4
[02-Mar-2026 20:21:59 Europe/Berlin] PHP Warning:  Undefined variable $database_user in C:\xamp\htdocs\backend\autoberles\php\adatbaziskapcsolat.php on line 4
[02-Mar-2026 20:21:59 Europe/Berlin] PHP Warning:  Undefined variable $database_password in C:\xamp\htdocs\backend\autoberles\php\adatbaziskapcsolat.php on line 4
[02-Mar-2026 20:21:59 Europe/Berlin] PHP Warning:  Undefined variable $database_db in C:\xamp\htdocs\backend\autoberles\php\adatbaziskapcsolat.php on line 4
[02-Mar-2026 20:21:59 Europe/Berlin] PHP Warning:  mysqli_connect(): (HY000/1045): Access denied for user ''@'localhost' (using password: NO) in C:\xamp\htdocs\backend\autoberles\php\adatbaziskapcsolat.php on line 56
[02-Mar-2026 20:52:04 Europe/Berlin] PHP Warning:  Undefined variable $log_enabled in C:\xamp\htdocs\backend\autoberles\php\naplo.php on line 20
[02-Mar-2026 20:52:04 Europe/Berlin] PHP Warning:  Undefined variable $database_host in C:\xamp\htdocs\backend\autoberles\php\adatbaziskapcsolat.php on line 4
[02-Mar-2026 20:52:04 Europe/Berlin] PHP Warning:  Undefined variable $database_user in C:\xamp\htdocs\backend\autoberles\php\adatbaziskapcsolat.php on line 4
[02-Mar-2026 20:52:04 Europe/Berlin] PHP Warning:  Undefined variable $database_password in C:\xamp\htdocs\backend\autoberles\php\adatbaziskapcsolat.php on line 4
[02-Mar-2026 20:52:04 Europe/Berlin] PHP Warning:  Undefined variable $database_db in C:\xamp\htdocs\backend\autoberles\php\adatbaziskapcsolat.php on line 4
[02-Mar-2026 20:52:04 Europe/Berlin] PHP Warning:  mysqli_connect(): (HY000/1045): Access denied for user ''@'localhost' (using password: NO) in C:\xamp\htdocs\backend\autoberles\php\adatbaziskapcsolat.php on line 56
[02-Mar-2026 20:52:47 Europe/Berlin] PHP Warning:  Undefined variable $log_enabled in C:\xamp\htdocs\backend\autoberles\php\naplo.php on line 20
[02-Mar-2026 20:52:47 Europe/Berlin] PHP Warning:  Undefined variable $database_host in C:\xamp\htdocs\backend\autoberles\php\adatbaziskapcsolat.php on line 4
[02-Mar-2026 20:52:47 Europe/Berlin] PHP Warning:  Undefined variable $database_user in C:\xamp\htdocs\backend\autoberles\php\adatbaziskapcsolat.php on line 4
[02-Mar-2026 20:52:47 Europe/Berlin] PHP Warning:  Undefined variable $database_password in C:\xamp\htdocs\backend\autoberles\php\adatbaziskapcsolat.php on line 4
[02-Mar-2026 20:52:47 Europe/Berlin] PHP Warning:  Undefined variable $database_db in C:\xamp\htdocs\backend\autoberles\php\adatbaziskapcsolat.php on line 4
[02-Mar-2026 20:52:47 Europe/Berlin] PHP Warning:  mysqli_connect(): (HY000/1045): Access denied for user ''@'localhost' (using password: NO) in C:\xamp\htdocs\backend\autoberles\php\adatbaziskapcsolat.php on line 56
[03-Mar-2026 08:39:53 Europe/Budapest] PHP Fatal error:  Uncaught mysqli_sql_exception: Field 'ertekeles_id' doesn't have a default value in /var/www/html/25-26/autoberles/php/dashboard.php:109
Stack trace:
#0 /var/www/html/25-26/autoberles/php/dashboard.php(109): mysqli_query()
#1 /var/www/html/25-26/autoberles/index.php(181): ertekelesek->uj_ertekeles()
#2 {main}
  thrown in /var/www/html/25-26/autoberles/php/dashboard.php on line 109
[03-Mar-2026 08:45:07 Europe/Budapest] PHP Fatal error:  Uncaught mysqli_sql_exception: Incorrect integer value: '' for column `autokolcsonzo`.`user`.`reminder` at row 1 in /var/www/html/25-26/autoberles/php/felhasznalok.php:187
Stack trace:
#0 /var/www/html/25-26/autoberles/php/felhasznalok.php(187): mysqli_query()
#1 /var/www/html/25-26/autoberles/index.php(207): felhasznalok->felhasznalo_ment()
#2 {main}
  thrown in /var/www/html/25-26/autoberles/php/felhasznalok.php on line 187
[03-Mar-2026 08:52:54 Europe/Budapest] PHP Fatal error:  Uncaught mysqli_sql_exception: Incorrect integer value: '' for column `autokolcsonzo`.`user`.`reminder` at row 1 in /var/www/html/25-26/autoberles/php/felhasznalok.php:187
Stack trace:
#0 /var/www/html/25-26/autoberles/php/felhasznalok.php(187): mysqli_query()
#1 /var/www/html/25-26/autoberles/index.php(207): felhasznalok->felhasznalo_ment()
#2 {main}
  thrown in /var/www/html/25-26/autoberles/php/felhasznalok.php on line 187
[03-Mar-2026 08:53:28 Europe/Budapest] PHP Fatal error:  Uncaught mysqli_sql_exception: Incorrect integer value: '' for column `autokolcsonzo`.`user`.`reminder` at row 1 in /var/www/html/25-26/autoberles/php/felhasznalok.php:187
Stack trace:
#0 /var/www/html/25-26/autoberles/php/felhasznalok.php(187): mysqli_query()
#1 /var/www/html/25-26/autoberles/index.php(207): felhasznalok->felhasznalo_ment()
#2 {main}
  thrown in /var/www/html/25-26/autoberles/php/felhasznalok.php on line 187
[03-Mar-2026 08:53:57 Europe/Budapest] PHP Fatal error:  Uncaught mysqli_sql_exception: Incorrect integer value: '' for column `autokolcsonzo`.`user`.`reminder` at row 1 in /var/www/html/25-26/autoberles/php/felhasznalok.php:187
Stack trace:
#0 /var/www/html/25-26/autoberles/php/felhasznalok.php(187): mysqli_query()
#1 /var/www/html/25-26/autoberles/index.php(207): felhasznalok->felhasznalo_ment()
#2 {main}
  thrown in /var/www/html/25-26/autoberles/php/felhasznalok.php on line 187
[03-Mar-2026 08:54:54 Europe/Budapest] PHP Parse error:  syntax error, unexpected token "empty", expecting "(" in /var/www/html/25-26/autoberles/php/felhasznalok.php on line 144
[03-Mar-2026 08:31:50 UTC] PHP Fatal error:  Uncaught mysqli_sql_exception: Access denied for user 'root'@'localhost' in /var/www/html/25-26/autoberles/php/adatbaziskapcsolat.php:56
Stack trace:
#0 /var/www/html/25-26/autoberles/php/adatbaziskapcsolat.php(56): mysqli_connect()
#1 /var/www/html/25-26/autoberles/php/adatbaziskapcsolat.php(7): adatbazis_kapcsolat->_kapcsolodas()
#2 /var/www/html/25-26/autoberles/php/restapi.php(16): include('...')
#3 {main}
  thrown in /var/www/html/25-26/autoberles/php/adatbaziskapcsolat.php on line 56
[05-Mar-2026 07:55:23 Europe/Budapest] PHP Warning:  mysqli_connect(): (HY000/1045): Access denied for user 'root'@'localhost' (using password: YES) in C:\xampp\htdocs\backend\autoberles\php\adatbaziskapcsolat.php on line 56
[05-Mar-2026 07:56:44 Europe/Budapest] PHP Warning:  mysqli_connect(): (HY000/1045): Access denied for user 'root'@'localhost' (using password: YES) in C:\xampp\htdocs\backend\autoberles\php\adatbaziskapcsolat.php on line 56
[05-Mar-2026 07:56:44 Europe/Budapest] PHP Warning:  mysqli_query() expects parameter 1 to be mysqli, bool given in C:\xampp\htdocs\backend\autoberles\php\jarmuvek.php on line 150
[05-Mar-2026 07:56:44 Europe/Budapest] PHP Warning:  mysqli_fetch_assoc() expects parameter 1 to be mysqli_result, null given in C:\xampp\htdocs\backend\autoberles\php\jarmuvek.php on line 159
[05-Mar-2026 07:57:39 Europe/Budapest] PHP Warning:  mysqli_connect(): (HY000/1045): Access denied for user 'root'@'localhost' (using password: YES) in C:\xampp\htdocs\backend\autoberles\php\adatbaziskapcsolat.php on line 56
[05-Mar-2026 07:57:39 Europe/Budapest] PHP Warning:  mysqli_query() expects parameter 1 to be mysqli, bool given in C:\xampp\htdocs\backend\autoberles\php\jarmuvek.php on line 150
[05-Mar-2026 07:57:39 Europe/Budapest] PHP Warning:  mysqli_fetch_assoc() expects parameter 1 to be mysqli_result, null given in C:\xampp\htdocs\backend\autoberles\php\jarmuvek.php on line 159
[05-Mar-2026 07:57:40 Europe/Budapest] PHP Warning:  mysqli_connect(): (HY000/1045): Access denied for user 'root'@'localhost' (using password: YES) in C:\xampp\htdocs\backend\autoberles\php\adatbaziskapcsolat.php on line 56
[05-Mar-2026 07:57:40 Europe/Budapest] PHP Warning:  mysqli_query() expects parameter 1 to be mysqli, bool given in C:\xampp\htdocs\backend\autoberles\php\jarmuvek.php on line 150
[05-Mar-2026 07:57:40 Europe/Budapest] PHP Warning:  mysqli_fetch_assoc() expects parameter 1 to be mysqli_result, null given in C:\xampp\htdocs\backend\autoberles\php\jarmuvek.php on line 159
[05-Mar-2026 07:57:40 Europe/Budapest] PHP Warning:  mysqli_connect(): (HY000/1045): Access denied for user 'root'@'localhost' (using password: YES) in C:\xampp\htdocs\backend\autoberles\php\adatbaziskapcsolat.php on line 56
[05-Mar-2026 07:57:40 Europe/Budapest] PHP Warning:  mysqli_query() expects parameter 1 to be mysqli, bool given in C:\xampp\htdocs\backend\autoberles\php\jarmuvek.php on line 150
[05-Mar-2026 07:57:40 Europe/Budapest] PHP Warning:  mysqli_fetch_assoc() expects parameter 1 to be mysqli_result, null given in C:\xampp\htdocs\backend\autoberles\php\jarmuvek.php on line 159
[05-Mar-2026 07:57:40 Europe/Budapest] PHP Warning:  mysqli_connect(): (HY000/1045): Access denied for user 'root'@'localhost' (using password: YES) in C:\xampp\htdocs\backend\autoberles\php\adatbaziskapcsolat.php on line 56
[05-Mar-2026 07:57:40 Europe/Budapest] PHP Warning:  mysqli_query() expects parameter 1 to be mysqli, bool given in C:\xampp\htdocs\backend\autoberles\php\jarmuvek.php on line 150
[05-Mar-2026 07:57:40 Europe/Budapest] PHP Warning:  mysqli_fetch_assoc() expects parameter 1 to be mysqli_result, null given in C:\xampp\htdocs\backend\autoberles\php\jarmuvek.php on line 159
[05-Mar-2026 07:57:43 Europe/Budapest] PHP Warning:  mysqli_connect(): (HY000/1045): Access denied for user 'root'@'localhost' (using password: YES) in C:\xampp\htdocs\backend\autoberles\php\adatbaziskapcsolat.php on line 56
[05-Mar-2026 07:57:43 Europe/Budapest] PHP Warning:  mysqli_query() expects parameter 1 to be mysqli, bool given in C:\xampp\htdocs\backend\autoberles\php\jarmuvek.php on line 150
[05-Mar-2026 07:57:43 Europe/Budapest] PHP Warning:  mysqli_fetch_assoc() expects parameter 1 to be mysqli_result, null given in C:\xampp\htdocs\backend\autoberles\php\jarmuvek.php on line 159
[05-Mar-2026 09:09:46 Europe/Budapest] PHP Parse error:  syntax error, unexpected 'else' (T_ELSE), expecting end of file in C:\xampp\htdocs\backend\autoberles\html\vezerlopult2.html on line 7
[06-Mar-2026 07:59:46 Europe/Budapest] PHP Notice:  Undefined variable: ertekeles in C:\xampp\htdocs\backend\autoberles\html\oldal.html on line 277
[06-Mar-2026 07:59:46 Europe/Budapest] PHP Fatal error:  Uncaught Error: Call to a member function _velemenyek_csuszka() on null in C:\xampp\htdocs\backend\autoberles\html\oldal.html:277
Stack trace:
#0 C:\xampp\htdocs\backend\autoberles\index.php(229): include()
#1 {main}
  thrown in C:\xampp\htdocs\backend\autoberles\html\oldal.html on line 277
[06-Mar-2026 08:00:44 Europe/Budapest] PHP Notice:  Undefined variable: ertekeles in C:\xampp\htdocs\backend\autoberles\html\oldal.html on line 277
[06-Mar-2026 08:00:44 Europe/Budapest] PHP Fatal error:  Uncaught Error: Call to a member function _velemenyek_csuszka() on null in C:\xampp\htdocs\backend\autoberles\html\oldal.html:277
Stack trace:
#0 C:\xampp\htdocs\backend\autoberles\index.php(229): include()
#1 {main}
  thrown in C:\xampp\htdocs\backend\autoberles\html\oldal.html on line 277
[06-Mar-2026 08:00:45 Europe/Budapest] PHP Notice:  Undefined variable: ertekeles in C:\xampp\htdocs\backend\autoberles\html\oldal.html on line 277
[06-Mar-2026 08:00:45 Europe/Budapest] PHP Fatal error:  Uncaught Error: Call to a member function _velemenyek_csuszka() on null in C:\xampp\htdocs\backend\autoberles\html\oldal.html:277
Stack trace:
#0 C:\xampp\htdocs\backend\autoberles\index.php(229): include()
#1 {main}
  thrown in C:\xampp\htdocs\backend\autoberles\html\oldal.html on line 277
[06-Mar-2026 08:02:42 Europe/Budapest] PHP Notice:  Undefined variable: ertekeles in C:\xampp\htdocs\backend\autoberles\html\oldal.html on line 277
[06-Mar-2026 08:02:42 Europe/Budapest] PHP Fatal error:  Uncaught Error: Call to a member function _velemenyek_csuszka() on null in C:\xampp\htdocs\backend\autoberles\html\oldal.html:277
Stack trace:
#0 C:\xampp\htdocs\backend\autoberles\index.php(229): include()
#1 {main}
  thrown in C:\xampp\htdocs\backend\autoberles\html\oldal.html on line 277
[06-Mar-2026 08:03:10 Europe/Budapest] PHP Notice:  Undefined variable: ertekeles in C:\xampp\htdocs\backend\autoberles\html\oldal.html on line 277
[06-Mar-2026 08:03:10 Europe/Budapest] PHP Fatal error:  Uncaught Error: Call to a member function _velemenyek_csuszka() on null in C:\xampp\htdocs\backend\autoberles\html\oldal.html:277
Stack trace:
#0 C:\xampp\htdocs\backend\autoberles\index.php(229): include()
#1 {main}
  thrown in C:\xampp\htdocs\backend\autoberles\html\oldal.html on line 277
[06-Mar-2026 08:05:45 Europe/Budapest] PHP Notice:  Undefined variable: ertekeles in C:\xampp\htdocs\backend\autoberles\html\oldal.html on line 277
[06-Mar-2026 08:05:45 Europe/Budapest] PHP Fatal error:  Uncaught Error: Call to a member function _velemenyek_csuszka() on null in C:\xampp\htdocs\backend\autoberles\html\oldal.html:277
Stack trace:
#0 C:\xampp\htdocs\backend\autoberles\index.php(229): include()
#1 {main}
  thrown in C:\xampp\htdocs\backend\autoberles\html\oldal.html on line 277
[06-Mar-2026 08:18:32 Europe/Budapest] PHP Notice:  Undefined variable: ertekeles in C:\xampp\htdocs\backend\autoberles\html\oldal.html on line 276
[06-Mar-2026 08:18:32 Europe/Budapest] PHP Fatal error:  Uncaught Error: Call to a member function _velemenyek_csuszka() on null in C:\xampp\htdocs\backend\autoberles\html\oldal.html:276
Stack trace:
#0 C:\xampp\htdocs\backend\autoberles\index.php(186): include()
#1 {main}
  thrown in C:\xampp\htdocs\backend\autoberles\html\oldal.html on line 276
[08-Mar-2026 10:43:38 Europe/Budapest] PHP Warning:  Undefined array key "auto_id" in D:\xampp\htdocs\backend\autoberles\php\jarmuvek.php on line 201
[08-Mar-2026 10:43:38 Europe/Budapest] PHP Fatal error:  Uncaught mysqli_sql_exception: You have an error in your SQL syntax; check the manual that corresponds to your MariaDB server version for the right syntax to use near '' at line 19 in D:\xampp\htdocs\backend\autoberles\php\jarmuvek.php:229
Stack trace:
#0 D:\xampp\htdocs\backend\autoberles\php\jarmuvek.php(229): mysqli_query(Object(mysqli), 'SELECT auto_id,...')
#1 D:\xampp\htdocs\backend\autoberles\html\autokmegjelenitesnagyban.html(28): autok->autok_mejelenites_nagyban()
#2 D:\xampp\htdocs\backend\autoberles\index.php(231): include('D:\\xampp\\htdocs...')
#3 {main}
  thrown in D:\xampp\htdocs\backend\autoberles\php\jarmuvek.php on line 229
[08-Mar-2026 10:44:06 Europe/Budapest] PHP Warning:  Undefined array key "auto_id" in D:\xampp\htdocs\backend\autoberles\php\jarmuvek.php on line 201
[08-Mar-2026 10:45:16 Europe/Budapest] PHP Warning:  Undefined array key "auto_id" in D:\xampp\htdocs\backend\autoberles\php\jarmuvek.php on line 201
[08-Mar-2026 10:45:16 Europe/Budapest] PHP Warning:  Undefined array key "auto_id" in D:\xampp\htdocs\backend\autoberles\php\jarmuvek.php on line 201
[08-Mar-2026 10:46:51 Europe/Budapest] PHP Fatal error:  Uncaught ArgumentCountError: Too few arguments to function autok::autok_mejelenites_nagyban(), 0 passed in D:\xampp\htdocs\backend\autoberles\html\autokmegjelenitesnagyban.html on line 28 and exactly 1 expected in D:\xampp\htdocs\backend\autoberles\php\jarmuvek.php:197
Stack trace:
#0 D:\xampp\htdocs\backend\autoberles\html\autokmegjelenitesnagyban.html(28): autok->autok_mejelenites_nagyban()
#1 D:\xampp\htdocs\backend\autoberles\index.php(231): include('D:\\xampp\\htdocs...')
#2 {main}
  thrown in D:\xampp\htdocs\backend\autoberles\php\jarmuvek.php on line 197
[08-Mar-2026 10:50:01 Europe/Budapest] PHP Warning:  Undefined array key "auto_id" in D:\xampp\htdocs\backend\autoberles\php\jarmuvek.php on line 201
[08-Mar-2026 10:50:57 Europe/Budapest] PHP Warning:  Undefined array key "auto_id" in D:\xampp\htdocs\backend\autoberles\php\jarmuvek.php on line 201
[08-Mar-2026 10:51:33 Europe/Budapest] PHP Warning:  Undefined array key "auto_id" in D:\xampp\htdocs\backend\autoberles\php\jarmuvek.php on line 201
[08-Mar-2026 10:51:34 Europe/Budapest] PHP Warning:  Undefined array key "auto_id" in D:\xampp\htdocs\backend\autoberles\php\jarmuvek.php on line 201
[08-Mar-2026 11:08:16 Europe/Budapest] PHP Fatal error:  Uncaught mysqli_sql_exception: Unknown column 'fofokep' in 'field list' in D:\xampp\htdocs\backend\autoberles\php\jarmuvek.php:235
Stack trace:
#0 D:\xampp\htdocs\backend\autoberles\php\jarmuvek.php(235): mysqli_query(Object(mysqli), 'SELECT auto_id,...')
#1 D:\xampp\htdocs\backend\autoberles\html\autokmegjelenitesnagyban.html(28): autok->autok_mejelenites_nagyban()
#2 D:\xampp\htdocs\backend\autoberles\index.php(231): include('D:\\xampp\\htdocs...')
#3 {main}
  thrown in D:\xampp\htdocs\backend\autoberles\php\jarmuvek.php on line 235
[08-Mar-2026 11:08:18 Europe/Budapest] PHP Fatal error:  Uncaught mysqli_sql_exception: Unknown column 'fofokep' in 'field list' in D:\xampp\htdocs\backend\autoberles\php\jarmuvek.php:153
Stack trace:
#0 D:\xampp\htdocs\backend\autoberles\php\jarmuvek.php(153): mysqli_query(Object(mysqli), 'SELECT auto_id,...')
#1 D:\xampp\htdocs\backend\autoberles\html\autoklista.html(30): autok->autok_mejelenites()
#2 D:\xampp\htdocs\backend\autoberles\index.php(224): include('D:\\xampp\\htdocs...')
#3 {main}
  thrown in D:\xampp\htdocs\backend\autoberles\php\jarmuvek.php on line 153
[08-Mar-2026 13:40:51 Europe/Budapest] PHP Fatal error:  Uncaught mysqli_sql_exception: Unknown database 'autokolcsonzo' in C:\xampp\htdocs\autoberles\php\adatbaziskapcsolat.php:56
Stack trace:
#0 C:\xampp\htdocs\autoberles\php\adatbaziskapcsolat.php(56): mysqli_connect('localhost', 'root', Object(SensitiveParameterValue), 'autokolcsonzo')
#1 C:\xampp\htdocs\autoberles\php\adatbaziskapcsolat.php(7): adatbazis_kapcsolat->_kapcsolodas()
#2 C:\xampp\htdocs\autoberles\index.php(22): include('C:\\xampp\\htdocs...')
#3 {main}
  thrown in C:\xampp\htdocs\autoberles\php\adatbaziskapcsolat.php on line 56
[08-Mar-2026 13:40:55 Europe/Budapest] PHP Fatal error:  Uncaught mysqli_sql_exception: Unknown database 'autokolcsonzo' in C:\xampp\htdocs\autoberles\php\adatbaziskapcsolat.php:56
Stack trace:
#0 C:\xampp\htdocs\autoberles\php\adatbaziskapcsolat.php(56): mysqli_connect('localhost', 'root', Object(SensitiveParameterValue), 'autokolcsonzo')
#1 C:\xampp\htdocs\autoberles\php\adatbaziskapcsolat.php(7): adatbazis_kapcsolat->_kapcsolodas()
#2 C:\xampp\htdocs\autoberles\index.php(22): include('C:\\xampp\\htdocs...')
#3 {main}
  thrown in C:\xampp\htdocs\autoberles\php\adatbaziskapcsolat.php on line 56
[08-Mar-2026 19:10:53 Europe/Budapest] PHP Fatal error:  Cannot declare class ertekelesek, because the name is already in use in C:\xampp\htdocs\autoberles\php\dashboard.php on line 6
[08-Mar-2026 19:35:02 Europe/Budapest] PHP Warning:  Undefined array key "loginname" in C:\xampp\htdocs\autoberles\html\oldal.html on line 288
[08-Mar-2026 19:36:14 Europe/Budapest] PHP Warning:  Undefined array key "name" in C:\xampp\htdocs\autoberles\html\oldal.html on line 288
[08-Mar-2026 19:44:08 Europe/Budapest] PHP Warning:  Undefined array key "username" in C:\xampp\htdocs\autoberles\php\dashboard.php on line 93
[08-Mar-2026 19:45:22 Europe/Budapest] PHP Warning:  Undefined array key "username" in C:\xampp\htdocs\autoberles\php\dashboard.php on line 93
[08-Mar-2026 19:54:03 Europe/Budapest] PHP Warning:  include(php/tartalom.php): Failed to open stream: No such file or directory in C:\xampp\htdocs\autoberles\index.php on line 243
[08-Mar-2026 19:54:03 Europe/Budapest] PHP Warning:  include(): Failed opening 'php/tartalom.php' for inclusion (include_path='C:\xampp\php\PEAR') in C:\xampp\htdocs\autoberles\index.php on line 243
[09-Mar-2026 10:53:01 Europe/Budapest] PHP Parse error:  syntax error, unexpected '<' in C:\xampp\htdocs\backend\autoberles\html\oldal.html on line 306
[09-Mar-2026 10:53:15 Europe/Budapest] PHP Parse error:  syntax error, unexpected '<' in C:\xampp\htdocs\backend\autoberles\html\oldal.html on line 307
[09-Mar-2026 11:02:25 Europe/Budapest] PHP Parse error:  syntax error, unexpected 'username' (T_STRING) in C:\xampp\htdocs\backend\autoberles\html\oldal.html on line 304
[09-Mar-2026 11:03:09 Europe/Budapest] PHP Parse error:  syntax error, unexpected 'username' (T_STRING) in C:\xampp\htdocs\backend\autoberles\html\oldal.html on line 304
[09-Mar-2026 11:03:22 Europe/Budapest] PHP Parse error:  syntax error, unexpected 'username' (T_STRING) in C:\xampp\htdocs\backend\autoberles\html\oldal.html on line 304
[09-Mar-2026 11:08:38 Europe/Budapest] PHP Warning:  mysqli_fetch_assoc() expects parameter 1 to be mysqli_result, bool given in C:\xampp\htdocs\backend\autoberles\php\jarmuvek.php on line 165
[09-Mar-2026 11:30:15 Europe/Budapest] PHP Notice:  Undefined property: foglalasok::$date in C:\xampp\htdocs\backend\autoberles\php\foglalaskezeles.php on line 139
[09-Mar-2026 11:46:17 Europe/Budapest] PHP Parse error:  syntax error, unexpected ''</option>'' (T_CONSTANT_ENCAPSED_STRING), expecting ',' or ';' in C:\xampp\htdocs\backend\autoberles\php\foglalasfelvetel.php on line 34
[09-Mar-2026 11:46:38 Europe/Budapest] PHP Parse error:  syntax error, unexpected ''</option>'' (T_CONSTANT_ENCAPSED_STRING), expecting ',' or ';' in C:\xampp\htdocs\backend\autoberles\php\foglalasfelvetel.php on line 34
[09-Mar-2026 12:35:50 Europe/Budapest] PHP Notice:  Undefined variable: foglalasok in C:\xampp\htdocs\backend\autoberles\html\autokmegjelenitesnagyban.html on line 31
[09-Mar-2026 12:35:50 Europe/Budapest] PHP Notice:  Trying to get property 'hibauzenet' of non-object in C:\xampp\htdocs\backend\autoberles\html\autokmegjelenitesnagyban.html on line 31
[09-Mar-2026 12:35:50 Europe/Budapest] PHP Notice:  Undefined variable: foglalasok in C:\xampp\htdocs\backend\autoberles\html\autokmegjelenitesnagyban.html on line 33
[09-Mar-2026 12:35:50 Europe/Budapest] PHP Notice:  Trying to get property 'nev' of non-object in C:\xampp\htdocs\backend\autoberles\html\autokmegjelenitesnagyban.html on line 33
[09-Mar-2026 12:35:50 Europe/Budapest] PHP Notice:  Undefined variable: foglalasok in C:\xampp\htdocs\backend\autoberles\html\autokmegjelenitesnagyban.html on line 35
[09-Mar-2026 12:35:50 Europe/Budapest] PHP Notice:  Trying to get property 'email' of non-object in C:\xampp\htdocs\backend\autoberles\html\autokmegjelenitesnagyban.html on line 35
[09-Mar-2026 12:35:50 Europe/Budapest] PHP Notice:  Undefined variable: foglalasok in C:\xampp\htdocs\backend\autoberles\html\autokmegjelenitesnagyban.html on line 37
[09-Mar-2026 12:35:50 Europe/Budapest] PHP Notice:  Trying to get property 'telefonszam' of non-object in C:\xampp\htdocs\backend\autoberles\html\autokmegjelenitesnagyban.html on line 37
[09-Mar-2026 12:35:50 Europe/Budapest] PHP Notice:  Undefined variable: foglalasok in C:\xampp\htdocs\backend\autoberles\html\autokmegjelenitesnagyban.html on line 39
[09-Mar-2026 12:35:50 Europe/Budapest] PHP Notice:  Trying to get property 'kezdet' of non-object in C:\xampp\htdocs\backend\autoberles\html\autokmegjelenitesnagyban.html on line 39
[09-Mar-2026 12:35:50 Europe/Budapest] PHP Notice:  Undefined variable: foglalasok in C:\xampp\htdocs\backend\autoberles\html\autokmegjelenitesnagyban.html on line 41
[09-Mar-2026 12:35:50 Europe/Budapest] PHP Notice:  Trying to get property 'vege' of non-object in C:\xampp\htdocs\backend\autoberles\html\autokmegjelenitesnagyban.html on line 41
[09-Mar-2026 12:50:08 Europe/Budapest] PHP Warning:  include(): Filename cannot be empty in C:\xampp\htdocs\backend\autoberles\index.php on line 199
[09-Mar-2026 12:50:08 Europe/Budapest] PHP Warning:  include(): Failed opening '' for inclusion (include_path='C:\xampp\php\PEAR') in C:\xampp\htdocs\backend\autoberles\index.php on line 199
[10-Mar-2026 07:54:23 Europe/Budapest] PHP Fatal error:  Uncaught mysqli_sql_exception: Access denied for user 'root'@'localhost' in /var/www/html/25-26/autoberles/php/adatbaziskapcsolat.php:56
Stack trace:
#0 /var/www/html/25-26/autoberles/php/adatbaziskapcsolat.php(56): mysqli_connect()
#1 /var/www/html/25-26/autoberles/php/adatbaziskapcsolat.php(7): adatbazis_kapcsolat->_kapcsolodas()
#2 /var/www/html/25-26/autoberles/index.php(22): include('...')
#3 {main}
  thrown in /var/www/html/25-26/autoberles/php/adatbaziskapcsolat.php on line 56
[10-Mar-2026 07:55:11 Europe/Budapest] PHP Fatal error:  Uncaught mysqli_sql_exception: Access denied for user 'root'@'localhost' in /var/www/html/25-26/autoberles/php/adatbaziskapcsolat.php:56
Stack trace:
#0 /var/www/html/25-26/autoberles/php/adatbaziskapcsolat.php(56): mysqli_connect()
#1 /var/www/html/25-26/autoberles/php/adatbaziskapcsolat.php(7): adatbazis_kapcsolat->_kapcsolodas()
#2 /var/www/html/25-26/autoberles/index.php(22): include('...')
#3 {main}
  thrown in /var/www/html/25-26/autoberles/php/adatbaziskapcsolat.php on line 56
[10-Mar-2026 07:55:39 Europe/Budapest] PHP Fatal error:  Uncaught mysqli_sql_exception: Access denied for user 'root'@'localhost' in /var/www/html/25-26/autoberles/php/adatbaziskapcsolat.php:56
Stack trace:
#0 /var/www/html/25-26/autoberles/php/adatbaziskapcsolat.php(56): mysqli_connect()
#1 /var/www/html/25-26/autoberles/php/adatbaziskapcsolat.php(7): adatbazis_kapcsolat->_kapcsolodas()
#2 /var/www/html/25-26/autoberles/index.php(22): include('...')
#3 {main}
  thrown in /var/www/html/25-26/autoberles/php/adatbaziskapcsolat.php on line 56
[10-Mar-2026 07:55:40 Europe/Budapest] PHP Fatal error:  Uncaught mysqli_sql_exception: Access denied for user 'root'@'localhost' in /var/www/html/25-26/autoberles/php/adatbaziskapcsolat.php:56
Stack trace:
#0 /var/www/html/25-26/autoberles/php/adatbaziskapcsolat.php(56): mysqli_connect()
#1 /var/www/html/25-26/autoberles/php/adatbaziskapcsolat.php(7): adatbazis_kapcsolat->_kapcsolodas()
#2 /var/www/html/25-26/autoberles/index.php(22): include('...')
#3 {main}
  thrown in /var/www/html/25-26/autoberles/php/adatbaziskapcsolat.php on line 56
[10-Mar-2026 07:55:40 Europe/Budapest] PHP Fatal error:  Uncaught mysqli_sql_exception: Access denied for user 'root'@'localhost' in /var/www/html/25-26/autoberles/php/adatbaziskapcsolat.php:56
Stack trace:
#0 /var/www/html/25-26/autoberles/php/adatbaziskapcsolat.php(56): mysqli_connect()
#1 /var/www/html/25-26/autoberles/php/adatbaziskapcsolat.php(7): adatbazis_kapcsolat->_kapcsolodas()
#2 /var/www/html/25-26/autoberles/index.php(22): include('...')
#3 {main}
  thrown in /var/www/html/25-26/autoberles/php/adatbaziskapcsolat.php on line 56
[10-Mar-2026 07:55:40 Europe/Budapest] PHP Fatal error:  Uncaught mysqli_sql_exception: Access denied for user 'root'@'localhost' in /var/www/html/25-26/autoberles/php/adatbaziskapcsolat.php:56
Stack trace:
#0 /var/www/html/25-26/autoberles/php/adatbaziskapcsolat.php(56): mysqli_connect()
#1 /var/www/html/25-26/autoberles/php/adatbaziskapcsolat.php(7): adatbazis_kapcsolat->_kapcsolodas()
#2 /var/www/html/25-26/autoberles/index.php(22): include('...')
#3 {main}
  thrown in /var/www/html/25-26/autoberles/php/adatbaziskapcsolat.php on line 56
[10-Mar-2026 07:57:37 Europe/Budapest] PHP Fatal error:  Uncaught mysqli_sql_exception: Access denied for user 'root'@'localhost' in /var/www/html/25-26/autoberles/php/adatbaziskapcsolat.php:56
Stack trace:
#0 /var/www/html/25-26/autoberles/php/adatbaziskapcsolat.php(56): mysqli_connect()
#1 /var/www/html/25-26/autoberles/php/adatbaziskapcsolat.php(7): adatbazis_kapcsolat->_kapcsolodas()
#2 /var/www/html/25-26/autoberles/index.php(22): include('...')
#3 {main}
  thrown in /var/www/html/25-26/autoberles/php/adatbaziskapcsolat.php on line 56
[10-Mar-2026 08:33:09 UTC] PHP Fatal error:  Uncaught mysqli_sql_exception: Access denied for user 'root'@'localhost' in /var/www/html/25-26/autoberles/php/adatbaziskapcsolat.php:56
Stack trace:
#0 /var/www/html/25-26/autoberles/php/adatbaziskapcsolat.php(56): mysqli_connect()
#1 /var/www/html/25-26/autoberles/php/adatbaziskapcsolat.php(7): adatbazis_kapcsolat->_kapcsolodas()
#2 /var/www/html/25-26/autoberles/php/restapi.php(16): include('...')
#3 {main}
  thrown in /var/www/html/25-26/autoberles/php/adatbaziskapcsolat.php on line 56
[10-Mar-2026 08:33:18 UTC] PHP Fatal error:  Uncaught mysqli_sql_exception: Access denied for user 'root'@'localhost' in /var/www/html/25-26/autoberles/php/adatbaziskapcsolat.php:56
Stack trace:
#0 /var/www/html/25-26/autoberles/php/adatbaziskapcsolat.php(56): mysqli_connect()
#1 /var/www/html/25-26/autoberles/php/adatbaziskapcsolat.php(7): adatbazis_kapcsolat->_kapcsolodas()
#2 /var/www/html/25-26/autoberles/php/restapi.php(16): include('...')
#3 {main}
  thrown in /var/www/html/25-26/autoberles/php/adatbaziskapcsolat.php on line 56
[10-Mar-2026 09:48:21 Europe/Budapest] PHP Warning:  mysqli_connect(): (HY000/1045): Access denied for user 'root'@'localhost' (using password: YES) in C:\xampp\htdocs\backend\autoberles\php\adatbaziskapcsolat.php on line 56
[10-Mar-2026 09:48:21 Europe/Budapest] PHP Warning:  mysqli_query() expects parameter 1 to be mysqli, bool given in C:\xampp\htdocs\backend\autoberles\php\dashboard.php on line 142
[10-Mar-2026 09:48:24 Europe/Budapest] PHP Warning:  mysqli_connect(): (HY000/1045): Access denied for user 'root'@'localhost' (using password: YES) in C:\xampp\htdocs\backend\autoberles\php\adatbaziskapcsolat.php on line 56
[10-Mar-2026 09:48:24 Europe/Budapest] PHP Warning:  mysqli_query() expects parameter 1 to be mysqli, bool given in C:\xampp\htdocs\backend\autoberles\php\dashboard.php on line 142
[10-Mar-2026 09:49:16 Europe/Budapest] PHP Warning:  mysqli_connect(): (HY000/1045): Access denied for user 'root'@'localhost' (using password: YES) in C:\xampp\htdocs\backend\autoberles\php\adatbaziskapcsolat.php on line 56
[10-Mar-2026 09:49:16 Europe/Budapest] PHP Warning:  mysqli_query() expects parameter 1 to be mysqli, bool given in C:\xampp\htdocs\backend\autoberles\php\dashboard.php on line 142
[10-Mar-2026 09:49:18 Europe/Budapest] PHP Warning:  mysqli_connect(): (HY000/1045): Access denied for user 'root'@'localhost' (using password: YES) in C:\xampp\htdocs\backend\autoberles\php\adatbaziskapcsolat.php on line 56
[10-Mar-2026 09:49:18 Europe/Budapest] PHP Warning:  mysqli_query() expects parameter 1 to be mysqli, bool given in C:\xampp\htdocs\backend\autoberles\php\dashboard.php on line 142
[10-Mar-2026 09:49:23 Europe/Budapest] PHP Warning:  mysqli_connect(): (HY000/1045): Access denied for user 'root'@'localhost' (using password: YES) in C:\xampp\htdocs\backend\autoberles\php\adatbaziskapcsolat.php on line 56
[10-Mar-2026 09:49:26 Europe/Budapest] PHP Warning:  mysqli_connect(): (HY000/1045): Access denied for user 'root'@'localhost' (using password: YES) in C:\xampp\htdocs\backend\autoberles\php\adatbaziskapcsolat.php on line 56
[10-Mar-2026 09:49:26 Europe/Budapest] PHP Warning:  mysqli_query() expects parameter 1 to be mysqli, bool given in C:\xampp\htdocs\backend\autoberles\php\dashboard.php on line 142
[11-Mar-2026 19:19:14 Europe/Budapest] PHP Warning:  Undefined property: foglalasok::$jogositvany in C:\xampp\htdocs\autoberles\php\foglalasfelvetel.php on line 24
[11-Mar-2026 19:21:26 Europe/Budapest] PHP Warning:  Undefined property: foglalasok::$jogositvany in C:\xampp\htdocs\autoberles\php\foglalasfelvetel.php on line 25
[11-Mar-2026 19:38:48 Europe/Budapest] PHP Warning:  Undefined array key "auto_id" in C:\xampp\htdocs\autoberles\php\foglalaskezeles.php on line 62
[11-Mar-2026 19:38:48 Europe/Budapest] PHP Warning:  Undefined array key "auto_id" in C:\xampp\htdocs\autoberles\php\foglalaskezeles.php on line 69
[11-Mar-2026 19:38:48 Europe/Budapest] PHP Warning:  Undefined array key "auto_id" in C:\xampp\htdocs\autoberles\php\foglalaskezeles.php on line 62
[11-Mar-2026 19:38:48 Europe/Budapest] PHP Warning:  Undefined array key "auto_id" in C:\xampp\htdocs\autoberles\php\foglalaskezeles.php on line 69
[11-Mar-2026 19:38:48 Europe/Budapest] PHP Warning:  Undefined array key "auto_id" in C:\xampp\htdocs\autoberles\php\foglalaskezeles.php on line 62
[11-Mar-2026 19:38:48 Europe/Budapest] PHP Warning:  Undefined array key "auto_id" in C:\xampp\htdocs\autoberles\php\foglalaskezeles.php on line 69
[11-Mar-2026 19:38:48 Europe/Budapest] PHP Warning:  Undefined array key "auto_id" in C:\xampp\htdocs\autoberles\php\foglalaskezeles.php on line 62
[11-Mar-2026 19:38:48 Europe/Budapest] PHP Warning:  Undefined array key "auto_id" in C:\xampp\htdocs\autoberles\php\foglalaskezeles.php on line 69
[11-Mar-2026 19:38:53 Europe/Budapest] PHP Warning:  Undefined array key "auto_id" in C:\xampp\htdocs\autoberles\php\foglalaskezeles.php on line 62
[11-Mar-2026 19:38:53 Europe/Budapest] PHP Warning:  Undefined array key "auto_id" in C:\xampp\htdocs\autoberles\php\foglalaskezeles.php on line 69
[11-Mar-2026 19:38:53 Europe/Budapest] PHP Warning:  Undefined array key "auto_id" in C:\xampp\htdocs\autoberles\php\foglalaskezeles.php on line 62
[11-Mar-2026 19:38:53 Europe/Budapest] PHP Warning:  Undefined array key "auto_id" in C:\xampp\htdocs\autoberles\php\foglalaskezeles.php on line 69
[11-Mar-2026 19:38:53 Europe/Budapest] PHP Warning:  Undefined array key "auto_id" in C:\xampp\htdocs\autoberles\php\foglalaskezeles.php on line 62
[11-Mar-2026 19:38:53 Europe/Budapest] PHP Warning:  Undefined array key "auto_id" in C:\xampp\htdocs\autoberles\php\foglalaskezeles.php on line 69
[11-Mar-2026 19:38:53 Europe/Budapest] PHP Warning:  Undefined array key "auto_id" in C:\xampp\htdocs\autoberles\php\foglalaskezeles.php on line 62
[11-Mar-2026 19:38:53 Europe/Budapest] PHP Warning:  Undefined array key "auto_id" in C:\xampp\htdocs\autoberles\php\foglalaskezeles.php on line 69
[11-Mar-2026 19:44:35 Europe/Budapest] PHP Warning:  Undefined array key "foglalas_id" in C:\xampp\htdocs\autoberles\php\dashboard.php on line 65
[11-Mar-2026 19:44:35 Europe/Budapest] PHP Warning:  Undefined array key "foglalas_id" in C:\xampp\htdocs\autoberles\php\dashboard.php on line 72
[11-Mar-2026 19:44:35 Europe/Budapest] PHP Warning:  Undefined array key "foglalas_id" in C:\xampp\htdocs\autoberles\php\dashboard.php on line 65
[11-Mar-2026 19:44:35 Europe/Budapest] PHP Warning:  Undefined array key "foglalas_id" in C:\xampp\htdocs\autoberles\php\dashboard.php on line 72
[11-Mar-2026 19:44:35 Europe/Budapest] PHP Warning:  Undefined array key "foglalas_id" in C:\xampp\htdocs\autoberles\php\dashboard.php on line 65
[11-Mar-2026 19:44:35 Europe/Budapest] PHP Warning:  Undefined array key "foglalas_id" in C:\xampp\htdocs\autoberles\php\dashboard.php on line 72
[11-Mar-2026 19:44:35 Europe/Budapest] PHP Warning:  Undefined array key "foglalas_id" in C:\xampp\htdocs\autoberles\php\dashboard.php on line 65
[11-Mar-2026 19:44:35 Europe/Budapest] PHP Warning:  Undefined array key "foglalas_id" in C:\xampp\htdocs\autoberles\php\dashboard.php on line 72
[11-Mar-2026 19:44:35 Europe/Budapest] PHP Warning:  Undefined array key "foglalas_id" in C:\xampp\htdocs\autoberles\php\dashboard.php on line 65
[11-Mar-2026 19:44:35 Europe/Budapest] PHP Warning:  Undefined array key "foglalas_id" in C:\xampp\htdocs\autoberles\php\dashboard.php on line 72
[11-Mar-2026 20:12:07 Europe/Budapest] PHP Parse error:  syntax error, unexpected token "," in C:\xampp\htdocs\autoberles\php\dashboard.php on line 83
[12-Mar-2026 20:06:54 Europe/Budapest] PHP Warning:  Undefined array key "jogositvanyszam" in D:\xampp\htdocs\teszt\autoberles\php\foglalaskezeles.php on line 78
[12-Mar-2026 21:08:36 Europe/Budapest] PHP Notice:  session_start(): Ignoring session_start() because a session is already active in D:\xampp\htdocs\backend\autoberles\php\ketlepcsosazonositas.php on line 2
[12-Mar-2026 21:08:36 Europe/Budapest] PHP Fatal error:  Uncaught Error: Using $this when not in object context in D:\xampp\htdocs\backend\autoberles\php\ketlepcsosazonositas.php:11
Stack trace:
#0 D:\xampp\htdocs\backend\autoberles\index.php(167): include()
#1 {main}
  thrown in D:\xampp\htdocs\backend\autoberles\php\ketlepcsosazonositas.php on line 11
[12-Mar-2026 21:20:04 Europe/Budapest] PHP Warning:  Undefined variable $felhasznalok in D:\xampp\htdocs\backend\autoberles\index.php on line 167
[12-Mar-2026 21:20:04 Europe/Budapest] PHP Fatal error:  Uncaught Error: Call to a member function ketlepcsosemail() on null in D:\xampp\htdocs\backend\autoberles\index.php:167
Stack trace:
#0 {main}
  thrown in D:\xampp\htdocs\backend\autoberles\index.php on line 167
[12-Mar-2026 21:20:32 Europe/Budapest] PHP Parse error:  syntax error, unexpected token "public" in D:\xampp\htdocs\backend\autoberles\php\felhasznalok.php on line 440
[12-Mar-2026 21:22:48 Europe/Budapest] PHP Notice:  session_start(): Ignoring session_start() because a session is already active in D:\xampp\htdocs\backend\autoberles\php\felhasznalok.php on line 412
[12-Mar-2026 21:22:50 Europe/Budapest] PHP Notice:  session_start(): Ignoring session_start() because a session is already active in D:\xampp\htdocs\backend\autoberles\php\felhasznalok.php on line 412
[12-Mar-2026 21:27:41 Europe/Budapest] PHP Fatal error:  Uncaught Error: Call to undefined method felhasznalok::ketlepcsos_email() in D:\xampp\htdocs\backend\autoberles\index.php:168
Stack trace:
#0 {main}
  thrown in D:\xampp\htdocs\backend\autoberles\index.php on line 168
[12-Mar-2026 21:28:52 Europe/Budapest] PHP Fatal error:  Uncaught Error: Call to undefined method munkamenet::ketlepcsos_azonositas() in D:\xampp\htdocs\backend\autoberles\php\munkamenet.php:73
Stack trace:
#0 D:\xampp\htdocs\backend\autoberles\index.php(168): munkamenet->ketlepcsos_email(NULL)
#1 {main}
  thrown in D:\xampp\htdocs\backend\autoberles\php\munkamenet.php on line 73
[12-Mar-2026 21:29:14 Europe/Budapest] PHP Fatal error:  Cannot declare class munkamenet, because the name is already in use in D:\xampp\htdocs\backend\autoberles\php\munkamenet.php on line 10
[12-Mar-2026 21:31:03 Europe/Budapest] PHP Fatal error:  Cannot declare class munkamenet, because the name is already in use in D:\xampp\htdocs\backend\autoberles\php\munkamenet.php on line 10
[12-Mar-2026 21:31:04 Europe/Budapest] PHP Fatal error:  Cannot declare class munkamenet, because the name is already in use in D:\xampp\htdocs\backend\autoberles\php\munkamenet.php on line 10
[12-Mar-2026 21:31:04 Europe/Budapest] PHP Fatal error:  Cannot declare class munkamenet, because the name is already in use in D:\xampp\htdocs\backend\autoberles\php\munkamenet.php on line 10
[12-Mar-2026 21:31:04 Europe/Budapest] PHP Fatal error:  Cannot declare class munkamenet, because the name is already in use in D:\xampp\htdocs\backend\autoberles\php\munkamenet.php on line 10
[12-Mar-2026 21:31:04 Europe/Budapest] PHP Fatal error:  Cannot declare class munkamenet, because the name is already in use in D:\xampp\htdocs\backend\autoberles\php\munkamenet.php on line 10
[12-Mar-2026 21:31:05 Europe/Budapest] PHP Fatal error:  Cannot declare class munkamenet, because the name is already in use in D:\xampp\htdocs\backend\autoberles\php\munkamenet.php on line 10
[12-Mar-2026 21:31:30 Europe/Budapest] PHP Fatal error:  Uncaught Error: Call to undefined method munkamenet::ketlepcsos_azonositas() in D:\xampp\htdocs\backend\autoberles\php\munkamenet.php:73
Stack trace:
#0 D:\xampp\htdocs\backend\autoberles\index.php(170): munkamenet->ketlepcsos_email(NULL)
#1 {main}
  thrown in D:\xampp\htdocs\backend\autoberles\php\munkamenet.php on line 73
[12-Mar-2026 21:33:19 Europe/Budapest] PHP Fatal error:  Uncaught Error: Call to a member function _bejegyez() on string in D:\xampp\htdocs\backend\autoberles\php\levelezes.php:62
Stack trace:
#0 D:\xampp\htdocs\backend\autoberles\php\munkamenet.php(96): levelkuld->levelkuldes(NULL, 'Admin bel\xC3\xA9p\xC3\xA9s...', '\r\n        <html...')
#1 D:\xampp\htdocs\backend\autoberles\index.php(170): munkamenet->ketlepcsos_email(NULL)
#2 {main}
  thrown in D:\xampp\htdocs\backend\autoberles\php\levelezes.php on line 62
[12-Mar-2026 21:52:45 Europe/Budapest] PHP Fatal error:  Uncaught mysqli_sql_exception: You have an error in your SQL syntax; check the manual that corresponds to your MariaDB server version for the right syntax to use near ''840005', '2026-03-12 21:57:45')
						                 ON DUPLICATE KEY UPD...' at line 2 in D:\xampp\htdocs\backend\autoberles\php\belepes.php:125
Stack trace:
#0 D:\xampp\htdocs\backend\autoberles\php\belepes.php(125): mysqli_query(Object(mysqli), 'INSERT INTO use...')
#1 D:\xampp\htdocs\backend\autoberles\php\belepes.php(164): belep->_belep('admin123', '0192023a7bbd732...')
#2 D:\xampp\htdocs\backend\autoberles\php\belepes.php(10): belep->_belepes('admin123', '0192023a7bbd732...')
#3 D:\xampp\htdocs\backend\autoberles\index.php(29): include('D:\\xampp\\htdocs...')
#4 {main}
  thrown in D:\xampp\htdocs\backend\autoberles\php\belepes.php on line 125
[12-Mar-2026 21:54:40 Europe/Budapest] PHP Warning:  Undefined property: belep::$db_kapcsolat in D:\xampp\htdocs\backend\autoberles\php\belepes.php on line 124
[12-Mar-2026 21:54:43 Europe/Budapest] PHP Warning:  Undefined property: belep::$db_kapcsolat in D:\xampp\htdocs\backend\autoberles\php\belepes.php on line 124
[12-Mar-2026 21:55:09 Europe/Budapest] PHP Warning:  Undefined property: belep::$db_kapcsolat in D:\xampp\htdocs\backend\autoberles\php\belepes.php on line 124
[12-Mar-2026 21:55:12 Europe/Budapest] PHP Warning:  Undefined property: belep::$db_kapcsolat in D:\xampp\htdocs\backend\autoberles\php\belepes.php on line 124
[12-Mar-2026 21:55:21 Europe/Budapest] PHP Warning:  Undefined property: belep::$db_kapcsolat in D:\xampp\htdocs\backend\autoberles\php\belepes.php on line 124
[12-Mar-2026 21:55:52 Europe/Budapest] PHP Warning:  Undefined variable $belepve in D:\xampp\htdocs\backend\autoberles\index.php on line 48
[12-Mar-2026 21:58:05 Europe/Budapest] PHP Warning:  Undefined property: belep::$db_kapcsolat in D:\xampp\htdocs\backend\autoberles\php\belepes.php on line 124
[12-Mar-2026 21:59:49 Europe/Budapest] PHP Fatal error:  Uncaught mysqli_sql_exception: You have an error in your SQL syntax; check the manual that corresponds to your MariaDB server version for the right syntax to use near ''385120', '2026-03-12 22:04:49')' at line 2 in D:\xampp\htdocs\backend\autoberles\php\belepes.php:124
Stack trace:
#0 D:\xampp\htdocs\backend\autoberles\php\belepes.php(124): mysqli_query(Object(mysqli), 'INSERT INTO use...')
#1 D:\xampp\htdocs\backend\autoberles\php\belepes.php(164): belep->_belep('admin123', '0192023a7bbd732...')
#2 D:\xampp\htdocs\backend\autoberles\php\belepes.php(10): belep->_belepes('admin123', '0192023a7bbd732...')
#3 D:\xampp\htdocs\backend\autoberles\index.php(29): include('D:\\xampp\\htdocs...')
#4 {main}
  thrown in D:\xampp\htdocs\backend\autoberles\php\belepes.php on line 124
[12-Mar-2026 22:03:57 Europe/Budapest] PHP Warning:  Undefined variable $sqlCommand in D:\xampp\htdocs\backend\autoberles\php\belepes.php on line 94
[12-Mar-2026 22:03:57 Europe/Budapest] PHP Deprecated:  mysqli_query(): Passing null to parameter #2 ($query) of type string is deprecated in D:\xampp\htdocs\backend\autoberles\php\belepes.php on line 94
[12-Mar-2026 22:05:16 Europe/Budapest] PHP Warning:  Undefined variable $sqlCommand in D:\xampp\htdocs\backend\autoberles\php\belepes.php on line 94
[12-Mar-2026 22:05:16 Europe/Budapest] PHP Deprecated:  mysqli_query(): Passing null to parameter #2 ($query) of type string is deprecated in D:\xampp\htdocs\backend\autoberles\php\belepes.php on line 94
[12-Mar-2026 22:05:44 Europe/Budapest] PHP Warning:  Undefined variable $sqlCommand in D:\xampp\htdocs\backend\autoberles\php\belepes.php on line 94
[12-Mar-2026 22:05:44 Europe/Budapest] PHP Deprecated:  mysqli_query(): Passing null to parameter #2 ($query) of type string is deprecated in D:\xampp\htdocs\backend\autoberles\php\belepes.php on line 94
[12-Mar-2026 22:07:07 Europe/Budapest] PHP Warning:  Undefined variable $sqlCommand in D:\xampp\htdocs\backend\autoberles\php\belepes.php on line 94
[12-Mar-2026 22:07:07 Europe/Budapest] PHP Deprecated:  mysqli_query(): Passing null to parameter #2 ($query) of type string is deprecated in D:\xampp\htdocs\backend\autoberles\php\belepes.php on line 94
[12-Mar-2026 22:07:38 Europe/Budapest] PHP Warning:  Undefined variable $sqlCommand in D:\xampp\htdocs\backend\autoberles\php\belepes.php on line 94
[12-Mar-2026 22:07:38 Europe/Budapest] PHP Deprecated:  mysqli_query(): Passing null to parameter #2 ($query) of type string is deprecated in D:\xampp\htdocs\backend\autoberles\php\belepes.php on line 94
[12-Mar-2026 22:08:47 Europe/Budapest] PHP Warning:  Undefined variable $sqlCommand in D:\xampp\htdocs\backend\autoberles\php\belepes.php on line 94
[12-Mar-2026 22:08:47 Europe/Budapest] PHP Deprecated:  mysqli_query(): Passing null to parameter #2 ($query) of type string is deprecated in D:\xampp\htdocs\backend\autoberles\php\belepes.php on line 94
[14-Mar-2026 21:41:38 Europe/Budapest] PHP Fatal error:  Uncaught ValueError: Path cannot be empty in D:\xampp\htdocs\backend\autoberles\index.php:232
Stack trace:
#0 {main}
  thrown in D:\xampp\htdocs\backend\autoberles\index.php on line 232
[14-Mar-2026 21:42:31 Europe/Budapest] PHP Warning:  Undefined variable $ertekeles in D:\xampp\htdocs\backend\autoberles\html\oldal.html on line 282
[14-Mar-2026 21:42:31 Europe/Budapest] PHP Fatal error:  Uncaught Error: Call to a member function _velemenyek_csuszka() on null in D:\xampp\htdocs\backend\autoberles\html\oldal.html:282
Stack trace:
#0 D:\xampp\htdocs\backend\autoberles\index.php(237): include()
#1 {main}
  thrown in D:\xampp\htdocs\backend\autoberles\html\oldal.html on line 282
[14-Mar-2026 21:43:55 Europe/Budapest] PHP Warning:  Undefined variable $ertekeles in D:\xampp\htdocs\backend\autoberles\html\oldal.html on line 282
[14-Mar-2026 21:43:55 Europe/Budapest] PHP Fatal error:  Uncaught Error: Call to a member function _velemenyek_csuszka() on null in D:\xampp\htdocs\backend\autoberles\html\oldal.html:282
Stack trace:
#0 D:\xampp\htdocs\backend\autoberles\index.php(235): include()
#1 {main}
  thrown in D:\xampp\htdocs\backend\autoberles\html\oldal.html on line 282
[14-Mar-2026 21:44:11 Europe/Budapest] PHP Fatal error:  Cannot declare class ertekelesek, because the name is already in use in D:\xampp\htdocs\backend\autoberles\php\dashboard.php on line 6
[14-Mar-2026 21:45:49 Europe/Budapest] PHP Fatal error:  Uncaught mysqli_sql_exception: Column count doesn't match value count at row 1 in D:\xampp\htdocs\backend\autoberles\php\foglalaskezeles.php:158
Stack trace:
#0 D:\xampp\htdocs\backend\autoberles\php\foglalaskezeles.php(158): mysqli_query(Object(mysqli), 'INSERT INTO fog...')
#1 D:\xampp\htdocs\backend\autoberles\index.php(228): foglalasok->ment()
#2 {main}
  thrown in D:\xampp\htdocs\backend\autoberles\php\foglalaskezeles.php on line 158
[14-Mar-2026 21:46:33 Europe/Budapest] PHP Fatal error:  Uncaught mysqli_sql_exception: Column count doesn't match value count at row 1 in D:\xampp\htdocs\backend\autoberles\php\foglalaskezeles.php:158
Stack trace:
#0 D:\xampp\htdocs\backend\autoberles\php\foglalaskezeles.php(158): mysqli_query(Object(mysqli), 'INSERT INTO fog...')
#1 D:\xampp\htdocs\backend\autoberles\index.php(228): foglalasok->ment()
#2 {main}
  thrown in D:\xampp\htdocs\backend\autoberles\php\foglalaskezeles.php on line 158
[14-Mar-2026 21:47:11 Europe/Budapest] PHP Fatal error:  Uncaught mysqli_sql_exception: Column count doesn't match value count at row 1 in D:\xampp\htdocs\backend\autoberles\php\foglalaskezeles.php:158
Stack trace:
#0 D:\xampp\htdocs\backend\autoberles\php\foglalaskezeles.php(158): mysqli_query(Object(mysqli), 'INSERT INTO fog...')
#1 D:\xampp\htdocs\backend\autoberles\index.php(228): foglalasok->ment()
#2 {main}
  thrown in D:\xampp\htdocs\backend\autoberles\php\foglalaskezeles.php on line 158
[14-Mar-2026 21:47:24 Europe/Budapest] PHP Fatal error:  Uncaught mysqli_sql_exception: Column count doesn't match value count at row 1 in D:\xampp\htdocs\backend\autoberles\php\foglalaskezeles.php:158
Stack trace:
#0 D:\xampp\htdocs\backend\autoberles\php\foglalaskezeles.php(158): mysqli_query(Object(mysqli), 'INSERT INTO fog...')
#1 D:\xampp\htdocs\backend\autoberles\index.php(228): foglalasok->ment()
#2 {main}
  thrown in D:\xampp\htdocs\backend\autoberles\php\foglalaskezeles.php on line 158
[14-Mar-2026 21:56:00 Europe/Budapest] PHP Warning:  Undefined array key "auto_id" in D:\xampp\htdocs\backend\autoberles\php\foglalaskezeles.php on line 169
[14-Mar-2026 21:56:00 Europe/Budapest] PHP Fatal error:  Uncaught mysqli_sql_exception: Column count doesn't match value count at row 1 in D:\xampp\htdocs\backend\autoberles\php\foglalaskezeles.php:224
Stack trace:
#0 D:\xampp\htdocs\backend\autoberles\php\foglalaskezeles.php(224): mysqli_query(Object(mysqli), 'INSERT INTO fog...')
#1 D:\xampp\htdocs\backend\autoberles\index.php(228): foglalasok->autoberles()
#2 {main}
  thrown in D:\xampp\htdocs\backend\autoberles\php\foglalaskezeles.php on line 224
[14-Mar-2026 21:56:40 Europe/Budapest] PHP Warning:  Undefined array key "auto_id" in D:\xampp\htdocs\backend\autoberles\php\foglalaskezeles.php on line 169
[14-Mar-2026 21:56:40 Europe/Budapest] PHP Fatal error:  Uncaught mysqli_sql_exception: Column count doesn't match value count at row 1 in D:\xampp\htdocs\backend\autoberles\php\foglalaskezeles.php:224
Stack trace:
#0 D:\xampp\htdocs\backend\autoberles\php\foglalaskezeles.php(224): mysqli_query(Object(mysqli), 'INSERT INTO fog...')
#1 D:\xampp\htdocs\backend\autoberles\index.php(227): foglalasok->autoberles()
#2 {main}
  thrown in D:\xampp\htdocs\backend\autoberles\php\foglalaskezeles.php on line 224
[14-Mar-2026 21:57:13 Europe/Budapest] PHP Warning:  Undefined array key "auto_id" in D:\xampp\htdocs\backend\autoberles\php\foglalaskezeles.php on line 169
[14-Mar-2026 22:02:04 Europe/Budapest] PHP Warning:  Undefined array key "auto_id" in D:\xampp\htdocs\backend\autoberles\php\foglalaskezeles.php on line 169
[14-Mar-2026 22:02:05 Europe/Budapest] PHP Warning:  Undefined variable $row in D:\xampp\htdocs\backend\autoberles\html\autokmegjelenitesnagyban.html on line 33
[14-Mar-2026 22:02:05 Europe/Budapest] PHP Warning:  Trying to access array offset on value of type null in D:\xampp\htdocs\backend\autoberles\html\autokmegjelenitesnagyban.html on line 33
[14-Mar-2026 22:06:20 Europe/Budapest] PHP Warning:  Undefined variable $ertekeles in D:\xampp\htdocs\backend\autoberles\html\oldal.html on line 282
[14-Mar-2026 22:06:20 Europe/Budapest] PHP Fatal error:  Uncaught Error: Call to a member function _velemenyek_csuszka() on null in D:\xampp\htdocs\backend\autoberles\html\oldal.html:282
Stack trace:
#0 D:\xampp\htdocs\backend\autoberles\index.php(233): include()
#1 {main}
  thrown in D:\xampp\htdocs\backend\autoberles\html\oldal.html on line 282
[14-Mar-2026 22:14:33 Europe/Budapest] PHP Warning:  include(php/foglalasfelvetel.php): Failed to open stream: No such file or directory in D:\xampp\htdocs\backend\autoberles\index.php on line 140
[14-Mar-2026 22:14:33 Europe/Budapest] PHP Warning:  include(): Failed opening 'php/foglalasfelvetel.php' for inclusion (include_path='D:\xampp\php\PEAR') in D:\xampp\htdocs\backend\autoberles\index.php on line 140
[14-Mar-2026 23:42:46 Europe/Budapest] PHP Warning:  Undefined array key "auto_id" in D:\xampp\htdocs\backend\autoberles\php\foglalaskezeles.php on line 93
[15-Mar-2026 17:18:01 Europe/Budapest] PHP Fatal error:  Uncaught mysqli_sql_exception: You have an error in your SQL syntax; check the manual that corresponds to your MariaDB server version for the right syntax to use near 'allapot = CASE 
					                                WHEN allapot = 'Elérhe...' at line 6 in D:\xampp\htdocs\backend\autoberles\php\jarmuvek.php:581
Stack trace:
#0 D:\xampp\htdocs\backend\autoberles\php\jarmuvek.php(581): mysqli_query(Object(mysqli), 'UPDATE autok \r\n...')
#1 D:\xampp\htdocs\backend\autoberles\index.php(138): autok->autoallapot('24')
#2 {main}
  thrown in D:\xampp\htdocs\backend\autoberles\php\jarmuvek.php on line 581
[15-Mar-2026 17:23:01 Europe/Budapest] PHP Warning:  Undefined array key "state" in D:\xampp\htdocs\backend\autoberles\php\jarmuvek.php on line 112
[15-Mar-2026 17:23:01 Europe/Budapest] PHP Warning:  Undefined array key "state" in D:\xampp\htdocs\backend\autoberles\php\jarmuvek.php on line 112
[15-Mar-2026 17:23:01 Europe/Budapest] PHP Warning:  Undefined array key "state" in D:\xampp\htdocs\backend\autoberles\php\jarmuvek.php on line 112
[15-Mar-2026 17:23:04 Europe/Budapest] PHP Warning:  Undefined array key "state" in D:\xampp\htdocs\backend\autoberles\php\jarmuvek.php on line 112
[15-Mar-2026 17:23:04 Europe/Budapest] PHP Warning:  Undefined array key "state" in D:\xampp\htdocs\backend\autoberles\php\jarmuvek.php on line 112
[15-Mar-2026 17:23:04 Europe/Budapest] PHP Warning:  Undefined array key "state" in D:\xampp\htdocs\backend\autoberles\php\jarmuvek.php on line 112
[15-Mar-2026 17:23:05 Europe/Budapest] PHP Warning:  Undefined array key "state" in D:\xampp\htdocs\backend\autoberles\php\jarmuvek.php on line 112
[15-Mar-2026 17:23:05 Europe/Budapest] PHP Warning:  Undefined array key "state" in D:\xampp\htdocs\backend\autoberles\php\jarmuvek.php on line 112
[15-Mar-2026 17:23:05 Europe/Budapest] PHP Warning:  Undefined array key "state" in D:\xampp\htdocs\backend\autoberles\php\jarmuvek.php on line 112
[15-Mar-2026 17:23:06 Europe/Budapest] PHP Warning:  Undefined array key "state" in D:\xampp\htdocs\backend\autoberles\php\jarmuvek.php on line 112
[15-Mar-2026 17:23:06 Europe/Budapest] PHP Warning:  Undefined array key "state" in D:\xampp\htdocs\backend\autoberles\php\jarmuvek.php on line 112
[15-Mar-2026 17:23:06 Europe/Budapest] PHP Warning:  Undefined array key "state" in D:\xampp\htdocs\backend\autoberles\php\jarmuvek.php on line 112
[15-Mar-2026 17:23:08 Europe/Budapest] PHP Warning:  Undefined array key "state" in D:\xampp\htdocs\backend\autoberles\php\jarmuvek.php on line 112
[15-Mar-2026 17:23:08 Europe/Budapest] PHP Warning:  Undefined array key "state" in D:\xampp\htdocs\backend\autoberles\php\jarmuvek.php on line 112
[15-Mar-2026 17:23:08 Europe/Budapest] PHP Warning:  Undefined array key "state" in D:\xampp\htdocs\backend\autoberles\php\jarmuvek.php on line 112
[18-Mar-2026 15:00:52 Europe/Budapest] PHP Warning:  Undefined variable $eredmeny in D:\xampp\htdocs\backend\autoberles\html\sikeresfoglalas.html on line 11
[18-Mar-2026 15:00:52 Europe/Budapest] PHP Warning:  Trying to access array offset on value of type null in D:\xampp\htdocs\backend\autoberles\html\sikeresfoglalas.html on line 11
[18-Mar-2026 15:00:52 Europe/Budapest] PHP Warning:  Undefined variable $eredmeny in D:\xampp\htdocs\backend\autoberles\html\sikeresfoglalas.html on line 26
[18-Mar-2026 15:00:52 Europe/Budapest] PHP Warning:  Trying to access array offset on value of type null in D:\xampp\htdocs\backend\autoberles\html\sikeresfoglalas.html on line 26
[18-Mar-2026 15:01:19 Europe/Budapest] PHP Warning:  Undefined variable $eredmeny in D:\xampp\htdocs\backend\autoberles\html\sikeresfoglalas.html on line 11
[18-Mar-2026 15:01:19 Europe/Budapest] PHP Warning:  Trying to access array offset on value of type null in D:\xampp\htdocs\backend\autoberles\html\sikeresfoglalas.html on line 11
[18-Mar-2026 15:01:19 Europe/Budapest] PHP Warning:  Trying to access array offset on value of type null in D:\xampp\htdocs\backend\autoberles\html\sikeresfoglalas.html on line 15
[18-Mar-2026 15:01:19 Europe/Budapest] PHP Warning:  Trying to access array offset on value of type null in D:\xampp\htdocs\backend\autoberles\html\sikeresfoglalas.html on line 16
[18-Mar-2026 15:01:19 Europe/Budapest] PHP Warning:  Trying to access array offset on value of type null in D:\xampp\htdocs\backend\autoberles\html\sikeresfoglalas.html on line 17
[18-Mar-2026 15:01:19 Europe/Budapest] PHP Warning:  Trying to access array offset on value of type null in D:\xampp\htdocs\backend\autoberles\html\sikeresfoglalas.html on line 18
[18-Mar-2026 15:01:19 Europe/Budapest] PHP Warning:  Trying to access array offset on value of type null in D:\xampp\htdocs\backend\autoberles\html\sikeresfoglalas.html on line 19
[18-Mar-2026 15:01:19 Europe/Budapest] PHP Warning:  Trying to access array offset on value of type null in D:\xampp\htdocs\backend\autoberles\html\sikeresfoglalas.html on line 20
[18-Mar-2026 15:01:19 Europe/Budapest] PHP Warning:  Trying to access array offset on value of type null in D:\xampp\htdocs\backend\autoberles\html\sikeresfoglalas.html on line 21
[18-Mar-2026 15:04:39 Europe/Budapest] PHP Warning:  Undefined array key "auto_id" in D:\xampp\htdocs\backend\autoberles\html\sikeresfoglalas.html on line 11
[18-Mar-2026 15:08:38 Europe/Budapest] PHP Fatal error:  Cannot redeclare foglalasok::_foglalasok_lista() in D:\xampp\htdocs\backend\autoberles\php\foglalaskezeles.php on line 239
[18-Mar-2026 15:28:46 Europe/Budapest] PHP Warning:  Undefined variable $foglalas_id in D:\xampp\htdocs\backend\autoberles\php\foglalaskezeles.php on line 264
[18-Mar-2026 15:33:08 Europe/Budapest] PHP Warning:  Undefined variable $adat in D:\xampp\htdocs\backend\autoberles\html\sikeresfoglalas.html on line 13
[18-Mar-2026 15:33:08 Europe/Budapest] PHP Warning:  Trying to access array offset on value of type null in D:\xampp\htdocs\backend\autoberles\html\sikeresfoglalas.html on line 13
[18-Mar-2026 15:33:08 Europe/Budapest] PHP Warning:  Undefined variable $adat in D:\xampp\htdocs\backend\autoberles\html\sikeresfoglalas.html on line 14
[18-Mar-2026 15:33:08 Europe/Budapest] PHP Warning:  Trying to access array offset on value of type null in D:\xampp\htdocs\backend\autoberles\html\sikeresfoglalas.html on line 14
[18-Mar-2026 15:33:08 Europe/Budapest] PHP Warning:  Undefined variable $adat in D:\xampp\htdocs\backend\autoberles\html\sikeresfoglalas.html on line 15
[18-Mar-2026 15:33:08 Europe/Budapest] PHP Warning:  Trying to access array offset on value of type null in D:\xampp\htdocs\backend\autoberles\html\sikeresfoglalas.html on line 15
[18-Mar-2026 15:33:08 Europe/Budapest] PHP Warning:  Undefined variable $adat in D:\xampp\htdocs\backend\autoberles\html\sikeresfoglalas.html on line 16
[18-Mar-2026 15:33:08 Europe/Budapest] PHP Warning:  Trying to access array offset on value of type null in D:\xampp\htdocs\backend\autoberles\html\sikeresfoglalas.html on line 16
[18-Mar-2026 15:33:08 Europe/Budapest] PHP Warning:  Undefined variable $adat in D:\xampp\htdocs\backend\autoberles\html\sikeresfoglalas.html on line 17
[18-Mar-2026 15:33:08 Europe/Budapest] PHP Warning:  Trying to access array offset on value of type null in D:\xampp\htdocs\backend\autoberles\html\sikeresfoglalas.html on line 17
[18-Mar-2026 15:33:08 Europe/Budapest] PHP Warning:  Undefined variable $adat in D:\xampp\htdocs\backend\autoberles\html\sikeresfoglalas.html on line 18
[18-Mar-2026 15:33:08 Europe/Budapest] PHP Warning:  Trying to access array offset on value of type null in D:\xampp\htdocs\backend\autoberles\html\sikeresfoglalas.html on line 18
[18-Mar-2026 15:33:08 Europe/Budapest] PHP Warning:  Undefined variable $adat in D:\xampp\htdocs\backend\autoberles\html\sikeresfoglalas.html on line 19
[18-Mar-2026 15:33:08 Europe/Budapest] PHP Warning:  Trying to access array offset on value of type null in D:\xampp\htdocs\backend\autoberles\html\sikeresfoglalas.html on line 19
[18-Mar-2026 15:34:50 Europe/Budapest] PHP Warning:  Undefined variable $adat in D:\xampp\htdocs\backend\autoberles\html\sikeresfoglalas.html on line 13
[18-Mar-2026 15:34:50 Europe/Budapest] PHP Warning:  Trying to access array offset on value of type null in D:\xampp\htdocs\backend\autoberles\html\sikeresfoglalas.html on line 13
[18-Mar-2026 15:34:50 Europe/Budapest] PHP Warning:  Undefined variable $adat in D:\xampp\htdocs\backend\autoberles\html\sikeresfoglalas.html on line 14
[18-Mar-2026 15:34:50 Europe/Budapest] PHP Warning:  Trying to access array offset on value of type null in D:\xampp\htdocs\backend\autoberles\html\sikeresfoglalas.html on line 14
[18-Mar-2026 15:34:50 Europe/Budapest] PHP Warning:  Undefined variable $adat in D:\xampp\htdocs\backend\autoberles\html\sikeresfoglalas.html on line 15
[18-Mar-2026 15:34:50 Europe/Budapest] PHP Warning:  Trying to access array offset on value of type null in D:\xampp\htdocs\backend\autoberles\html\sikeresfoglalas.html on line 15
[18-Mar-2026 15:34:50 Europe/Budapest] PHP Warning:  Undefined variable $adat in D:\xampp\htdocs\backend\autoberles\html\sikeresfoglalas.html on line 16
[18-Mar-2026 15:34:50 Europe/Budapest] PHP Warning:  Trying to access array offset on value of type null in D:\xampp\htdocs\backend\autoberles\html\sikeresfoglalas.html on line 16
[18-Mar-2026 15:34:50 Europe/Budapest] PHP Warning:  Undefined variable $adat in D:\xampp\htdocs\backend\autoberles\html\sikeresfoglalas.html on line 17
[18-Mar-2026 15:34:50 Europe/Budapest] PHP Warning:  Trying to access array offset on value of type null in D:\xampp\htdocs\backend\autoberles\html\sikeresfoglalas.html on line 17
[18-Mar-2026 15:34:50 Europe/Budapest] PHP Warning:  Undefined variable $adat in D:\xampp\htdocs\backend\autoberles\html\sikeresfoglalas.html on line 18
[18-Mar-2026 15:34:50 Europe/Budapest] PHP Warning:  Trying to access array offset on value of type null in D:\xampp\htdocs\backend\autoberles\html\sikeresfoglalas.html on line 18
[18-Mar-2026 15:34:50 Europe/Budapest] PHP Warning:  Undefined variable $adat in D:\xampp\htdocs\backend\autoberles\html\sikeresfoglalas.html on line 19
[18-Mar-2026 15:34:50 Europe/Budapest] PHP Warning:  Trying to access array offset on value of type null in D:\xampp\htdocs\backend\autoberles\html\sikeresfoglalas.html on line 19
[18-Mar-2026 15:34:56 Europe/Budapest] PHP Warning:  Undefined variable $adat in D:\xampp\htdocs\backend\autoberles\html\sikeresfoglalas.html on line 13
[18-Mar-2026 15:34:56 Europe/Budapest] PHP Warning:  Trying to access array offset on value of type null in D:\xampp\htdocs\backend\autoberles\html\sikeresfoglalas.html on line 13
[18-Mar-2026 15:34:56 Europe/Budapest] PHP Warning:  Undefined variable $adat in D:\xampp\htdocs\backend\autoberles\html\sikeresfoglalas.html on line 14
[18-Mar-2026 15:34:56 Europe/Budapest] PHP Warning:  Trying to access array offset on value of type null in D:\xampp\htdocs\backend\autoberles\html\sikeresfoglalas.html on line 14
[18-Mar-2026 15:34:56 Europe/Budapest] PHP Warning:  Undefined variable $adat in D:\xampp\htdocs\backend\autoberles\html\sikeresfoglalas.html on line 15
[18-Mar-2026 15:34:56 Europe/Budapest] PHP Warning:  Trying to access array offset on value of type null in D:\xampp\htdocs\backend\autoberles\html\sikeresfoglalas.html on line 15
[18-Mar-2026 15:34:56 Europe/Budapest] PHP Warning:  Undefined variable $adat in D:\xampp\htdocs\backend\autoberles\html\sikeresfoglalas.html on line 16
[18-Mar-2026 15:34:56 Europe/Budapest] PHP Warning:  Trying to access array offset on value of type null in D:\xampp\htdocs\backend\autoberles\html\sikeresfoglalas.html on line 16
[18-Mar-2026 15:34:56 Europe/Budapest] PHP Warning:  Undefined variable $adat in D:\xampp\htdocs\backend\autoberles\html\sikeresfoglalas.html on line 17
[18-Mar-2026 15:34:56 Europe/Budapest] PHP Warning:  Trying to access array offset on value of type null in D:\xampp\htdocs\backend\autoberles\html\sikeresfoglalas.html on line 17
[18-Mar-2026 15:34:56 Europe/Budapest] PHP Warning:  Undefined variable $adat in D:\xampp\htdocs\backend\autoberles\html\sikeresfoglalas.html on line 18
[18-Mar-2026 15:34:56 Europe/Budapest] PHP Warning:  Trying to access array offset on value of type null in D:\xampp\htdocs\backend\autoberles\html\sikeresfoglalas.html on line 18
[18-Mar-2026 15:34:56 Europe/Budapest] PHP Warning:  Undefined variable $adat in D:\xampp\htdocs\backend\autoberles\html\sikeresfoglalas.html on line 19
[18-Mar-2026 15:34:56 Europe/Budapest] PHP Warning:  Trying to access array offset on value of type null in D:\xampp\htdocs\backend\autoberles\html\sikeresfoglalas.html on line 19
[20-Mar-2026 11:16:41 Europe/Budapest] PHP Parse error:  syntax error, unexpected '<', expecting end of file in C:\xampp\htdocs\backend\autoberles\html\felhasznalofelvetel.html on line 36
[20-Mar-2026 11:17:24 Europe/Budapest] PHP Parse error:  syntax error, unexpected '<', expecting end of file in C:\xampp\htdocs\backend\autoberles\html\felhasznalofelvetel.html on line 36
[20-Mar-2026 11:17:25 Europe/Budapest] PHP Parse error:  syntax error, unexpected '<', expecting end of file in C:\xampp\htdocs\backend\autoberles\html\felhasznalofelvetel.html on line 36
[20-Mar-2026 11:17:35 Europe/Budapest] PHP Parse error:  syntax error, unexpected 'class' (T_CLASS) in C:\xampp\htdocs\backend\autoberles\html\felhasznalofelvetel.html on line 36
[21-Mar-2026 08:20:14 Europe/Budapest] PHP Fatal error:  Uncaught mysqli_sql_exception: Unknown database 'autoberles' in D:\xampp\htdocs\backend\autoberles\php\adatbaziskapcsolat.php:56
Stack trace:
#0 D:\xampp\htdocs\backend\autoberles\php\adatbaziskapcsolat.php(56): mysqli_connect('localhost', 'root', Object(SensitiveParameterValue), 'autoberles')
#1 D:\xampp\htdocs\backend\autoberles\php\adatbaziskapcsolat.php(7): adatbazis_kapcsolat->_kapcsolodas()
#2 D:\xampp\htdocs\backend\autoberles\index.php(22): include('D:\\xampp\\htdocs...')
#3 {main}
  thrown in D:\xampp\htdocs\backend\autoberles\php\adatbaziskapcsolat.php on line 56
[22-Mar-2026 08:57:17 Europe/Budapest] PHP Warning:  Undefined variable $email in D:\xampp\htdocs\backend\autoberles\php\foglalaskezeles.php on line 351
[22-Mar-2026 08:57:17 Europe/Budapest] PHP Warning:  Undefined variable $jarmuNev in D:\xampp\htdocs\backend\autoberles\php\foglalaskezeles.php on line 395
[22-Mar-2026 08:57:17 Europe/Budapest] PHP Warning:  Undefined variable $jarmurendszam in D:\xampp\htdocs\backend\autoberles\php\foglalaskezeles.php on line 396
[22-Mar-2026 08:57:45 Europe/Budapest] PHP Warning:  Undefined variable $email in D:\xampp\htdocs\backend\autoberles\php\foglalaskezeles.php on line 351
[22-Mar-2026 08:58:39 Europe/Budapest] PHP Warning:  Undefined variable $email in D:\xampp\htdocs\backend\autoberles\php\foglalaskezeles.php on line 351
[22-Mar-2026 14:21:37 Europe/Budapest] PHP Warning:  Undefined variable $auto_id in D:\xampp\htdocs\backend\autoberles\php\foglalaskezeles.php on line 428
[22-Mar-2026 14:27:13 Europe/Budapest] PHP Warning:  Undefined variable $auto_id in D:\xampp\htdocs\backend\autoberles\php\foglalaskezeles.php on line 428
[22-Mar-2026 14:27:27 Europe/Budapest] PHP Warning:  Undefined variable $auto_id in D:\xampp\htdocs\backend\autoberles\php\foglalaskezeles.php on line 428
[22-Mar-2026 14:41:04 Europe/Budapest] PHP Fatal error:  Uncaught mysqli_sql_exception: Column count doesn't match value count at row 1 in D:\xampp\htdocs\backend\autoberles\php\foglalaskezeles.php:237
Stack trace:
#0 D:\xampp\htdocs\backend\autoberles\php\foglalaskezeles.php(237): mysqli_query(Object(mysqli), 'INSERT INTO fog...')
#1 D:\xampp\htdocs\backend\autoberles\index.php(235): foglalasok->autoberles()
#2 {main}
  thrown in D:\xampp\htdocs\backend\autoberles\php\foglalaskezeles.php on line 237
[22-Mar-2026 14:43:07 Europe/Budapest] PHP Fatal error:  Uncaught mysqli_sql_exception: Column count doesn't match value count at row 1 in D:\xampp\htdocs\backend\autoberles\php\foglalaskezeles.php:237
Stack trace:
#0 D:\xampp\htdocs\backend\autoberles\php\foglalaskezeles.php(237): mysqli_query(Object(mysqli), 'INSERT INTO fog...')
#1 D:\xampp\htdocs\backend\autoberles\index.php(235): foglalasok->autoberles()
#2 {main}
  thrown in D:\xampp\htdocs\backend\autoberles\php\foglalaskezeles.php on line 237
[22-Mar-2026 14:45:12 Europe/Budapest] PHP Warning:  Undefined variable $auto_id in D:\xampp\htdocs\backend\autoberles\php\foglalaskezeles.php on line 429
[22-Mar-2026 14:45:21 Europe/Budapest] PHP Warning:  Undefined variable $auto_id in D:\xampp\htdocs\backend\autoberles\php\foglalaskezeles.php on line 429
[22-Mar-2026 14:47:52 Europe/Budapest] PHP Warning:  Undefined variable $auto_id in D:\xampp\htdocs\backend\autoberles\php\foglalaskezeles.php on line 429
[22-Mar-2026 14:48:28 Europe/Budapest] PHP Deprecated:  Creation of dynamic property foglalasok::$auto_id is deprecated in D:\xampp\htdocs\backend\autoberles\php\foglalaskezeles.php on line 359
[22-Mar-2026 14:48:30 Europe/Budapest] PHP Warning:  Undefined variable $auto_id in D:\xampp\htdocs\backend\autoberles\php\foglalaskezeles.php on line 430
[22-Mar-2026 14:49:12 Europe/Budapest] PHP Warning:  Undefined variable $auto_id in D:\xampp\htdocs\backend\autoberles\php\foglalaskezeles.php on line 432
[22-Mar-2026 14:49:54 Europe/Budapest] PHP Warning:  Undefined variable $auto_id in D:\xampp\htdocs\backend\autoberles\php\foglalaskezeles.php on line 431
[24-Mar-2026 09:01:36 Europe/Berlin] PHP Warning:  mysqli_connect(): (HY000/1045): Access denied for user 'root'@'localhost' (using password: YES) in C:\xampp\htdocs\backend\autoberles\php\adatbaziskapcsolat.php on line 56
[26-Mar-2026 07:52:33 Europe/Budapest] PHP Fatal error:  Uncaught mysqli_sql_exception: Access denied for user 'root'@'localhost' in /var/www/html/25-26/autoberles/php/adatbaziskapcsolat.php:56
Stack trace:
#0 /var/www/html/25-26/autoberles/php/adatbaziskapcsolat.php(56): mysqli_connect()
#1 /var/www/html/25-26/autoberles/php/adatbaziskapcsolat.php(7): adatbazis_kapcsolat->_kapcsolodas()
#2 /var/www/html/25-26/autoberles/index.php(22): include('...')
#3 {main}
  thrown in /var/www/html/25-26/autoberles/php/adatbaziskapcsolat.php on line 56
[26-Mar-2026 07:56:16 Europe/Budapest] PHP Fatal error:  Uncaught mysqli_sql_exception: Access denied for user 'root'@'localhost' in /var/www/html/25-26/autoberles/php/adatbaziskapcsolat.php:56
Stack trace:
#0 /var/www/html/25-26/autoberles/php/adatbaziskapcsolat.php(56): mysqli_connect()
#1 /var/www/html/25-26/autoberles/php/adatbaziskapcsolat.php(7): adatbazis_kapcsolat->_kapcsolodas()
#2 /var/www/html/25-26/autoberles/index.php(22): include('...')
#3 {main}
  thrown in /var/www/html/25-26/autoberles/php/adatbaziskapcsolat.php on line 56
[26-Mar-2026 07:56:17 Europe/Budapest] PHP Fatal error:  Uncaught mysqli_sql_exception: Access denied for user 'root'@'localhost' in /var/www/html/25-26/autoberles/php/adatbaziskapcsolat.php:56
Stack trace:
#0 /var/www/html/25-26/autoberles/php/adatbaziskapcsolat.php(56): mysqli_connect()
#1 /var/www/html/25-26/autoberles/php/adatbaziskapcsolat.php(7): adatbazis_kapcsolat->_kapcsolodas()
#2 /var/www/html/25-26/autoberles/index.php(22): include('...')
#3 {main}
  thrown in /var/www/html/25-26/autoberles/php/adatbaziskapcsolat.php on line 56
[28-Mar-2026 11:35:44 Europe/Budapest] PHP Fatal error:  Uncaught mysqli_sql_exception: Access denied for user 'root'@'localhost' (using password: YES) in D:\xampp\htdocs\teszt\autoberles\php\adatbaziskapcsolat.php:56
Stack trace:
#0 D:\xampp\htdocs\teszt\autoberles\php\adatbaziskapcsolat.php(56): mysqli_connect('localhost', 'root', Object(SensitiveParameterValue), 'autokolcsonzo')
#1 D:\xampp\htdocs\teszt\autoberles\php\adatbaziskapcsolat.php(7): adatbazis_kapcsolat->_kapcsolodas()
#2 D:\xampp\htdocs\teszt\autoberles\index.php(22): include('D:\\xampp\\htdocs...')
#3 {main}
  thrown in D:\xampp\htdocs\teszt\autoberles\php\adatbaziskapcsolat.php on line 56
[28-Mar-2026 11:58:06 Europe/Budapest] PHP Warning:  include(html/foglalasmegtekintes): Failed to open stream: No such file or directory in D:\xampp\htdocs\teszt\autoberles\index.php on line 247
[28-Mar-2026 11:58:06 Europe/Budapest] PHP Warning:  include(): Failed opening 'html/foglalasmegtekintes' for inclusion (include_path='D:\xampp\php\PEAR') in D:\xampp\htdocs\teszt\autoberles\index.php on line 247
[29-Mar-2026 11:32:31 Europe/Budapest] PHP Warning:  Undefined variable $foglalasok in D:\xampp\htdocs\teszt\autoberles\html\foglalasmegtekintes.html on line 1
[29-Mar-2026 11:32:31 Europe/Budapest] PHP Fatal error:  Uncaught Error: Call to a member function foglalasmegtekintes() on null in D:\xampp\htdocs\teszt\autoberles\html\foglalasmegtekintes.html:1
Stack trace:
#0 D:\xampp\htdocs\teszt\autoberles\index.php(247): include()
#1 {main}
  thrown in D:\xampp\htdocs\teszt\autoberles\html\foglalasmegtekintes.html on line 1
[29-Mar-2026 11:33:01 Europe/Budapest] PHP Warning:  Undefined array key "auto_id" in D:\xampp\htdocs\teszt\autoberles\php\foglalaskezeles.php on line 254
[29-Mar-2026 11:33:01 Europe/Budapest] PHP Warning:  Undefined variable $auto_id in D:\xampp\htdocs\teszt\autoberles\php\foglalaskezeles.php on line 267
[29-Mar-2026 11:33:12 Europe/Budapest] PHP Warning:  Undefined array key "auto_id" in D:\xampp\htdocs\teszt\autoberles\php\foglalaskezeles.php on line 254
[29-Mar-2026 11:33:12 Europe/Budapest] PHP Warning:  Undefined variable $auto_id in D:\xampp\htdocs\teszt\autoberles\php\foglalaskezeles.php on line 267
[29-Mar-2026 11:33:57 Europe/Budapest] PHP Warning:  Undefined array key "auto_id" in D:\xampp\htdocs\teszt\autoberles\php\foglalaskezeles.php on line 254
[29-Mar-2026 11:33:57 Europe/Budapest] PHP Warning:  Undefined variable $auto_id in D:\xampp\htdocs\teszt\autoberles\php\foglalaskezeles.php on line 267
[29-Mar-2026 11:34:33 Europe/Budapest] PHP Warning:  Undefined array key "auto_id" in D:\xampp\htdocs\teszt\autoberles\php\foglalaskezeles.php on line 254
[29-Mar-2026 11:34:33 Europe/Budapest] PHP Warning:  Undefined variable $auto_id in D:\xampp\htdocs\teszt\autoberles\php\foglalaskezeles.php on line 267
[29-Mar-2026 11:34:40 Europe/Budapest] PHP Warning:  Undefined array key "auto_id" in D:\xampp\htdocs\teszt\autoberles\php\foglalaskezeles.php on line 254
[29-Mar-2026 11:34:40 Europe/Budapest] PHP Warning:  Undefined variable $auto_id in D:\xampp\htdocs\teszt\autoberles\php\foglalaskezeles.php on line 267
[29-Mar-2026 11:35:02 Europe/Budapest] PHP Warning:  Undefined variable $auto_id in D:\xampp\htdocs\teszt\autoberles\php\foglalaskezeles.php on line 267
[29-Mar-2026 11:41:18 Europe/Budapest] PHP Parse error:  syntax error, unexpected single-quoted string "" in D:\xampp\htdocs\teszt\autoberles\php\foglalaskezeles.php on line 290
[01-Apr-2026 09:03:41 Europe/Budapest] PHP Warning:  Undefined variable $log_enabled in /home/autoberl/domains/autoberlo24.hu/public_html/php/naplo.php on line 20
[01-Apr-2026 09:03:41 Europe/Budapest] PHP Warning:  Undefined variable $database_host in /home/autoberl/domains/autoberlo24.hu/public_html/php/adatbaziskapcsolat.php on line 4
[01-Apr-2026 09:03:41 Europe/Budapest] PHP Warning:  Undefined variable $database_user in /home/autoberl/domains/autoberlo24.hu/public_html/php/adatbaziskapcsolat.php on line 4
[01-Apr-2026 09:03:41 Europe/Budapest] PHP Warning:  Undefined variable $database_password in /home/autoberl/domains/autoberlo24.hu/public_html/php/adatbaziskapcsolat.php on line 4
[01-Apr-2026 09:03:41 Europe/Budapest] PHP Warning:  Undefined variable $database_db in /home/autoberl/domains/autoberlo24.hu/public_html/php/adatbaziskapcsolat.php on line 4
[01-Apr-2026 09:03:41 Europe/Budapest] PHP Fatal error:  Uncaught mysqli_sql_exception: Access denied for user ''@'localhost' (using password: NO) in /home/autoberl/domains/autoberlo24.hu/public_html/php/adatbaziskapcsolat.php:56
Stack trace:
#0 /home/autoberl/domains/autoberlo24.hu/public_html/php/adatbaziskapcsolat.php(56): mysqli_connect()
#1 /home/autoberl/domains/autoberlo24.hu/public_html/php/adatbaziskapcsolat.php(7): adatbazis_kapcsolat->_kapcsolodas()
#2 /home/autoberl/domains/autoberlo24.hu/public_html/index.php(22): include('...')
#3 {main}
  thrown in /home/autoberl/domains/autoberlo24.hu/public_html/php/adatbaziskapcsolat.php on line 56
[01-Apr-2026 09:05:39 Europe/Budapest] PHP Fatal error:  Uncaught mysqli_sql_exception: Access denied for user 'root'@'localhost' in /home/autoberl/domains/autoberlo24.hu/public_html/php/adatbaziskapcsolat.php:56
Stack trace:
#0 /home/autoberl/domains/autoberlo24.hu/public_html/php/adatbaziskapcsolat.php(56): mysqli_connect()
#1 /home/autoberl/domains/autoberlo24.hu/public_html/php/adatbaziskapcsolat.php(7): adatbazis_kapcsolat->_kapcsolodas()
#2 /home/autoberl/domains/autoberlo24.hu/public_html/index.php(22): include('...')
#3 {main}
  thrown in /home/autoberl/domains/autoberlo24.hu/public_html/php/adatbaziskapcsolat.php on line 56
[01-Apr-2026 09:09:49 Europe/Budapest] PHP Fatal error:  Uncaught mysqli_sql_exception: Access denied for user 'root'@'localhost' in /home/autoberl/domains/autoberlo24.hu/public_html/php/adatbaziskapcsolat.php:56
Stack trace:
#0 /home/autoberl/domains/autoberlo24.hu/public_html/php/adatbaziskapcsolat.php(56): mysqli_connect()
#1 /home/autoberl/domains/autoberlo24.hu/public_html/php/adatbaziskapcsolat.php(7): adatbazis_kapcsolat->_kapcsolodas()
#2 /home/autoberl/domains/autoberlo24.hu/public_html/index.php(22): include('...')
#3 {main}
  thrown in /home/autoberl/domains/autoberlo24.hu/public_html/php/adatbaziskapcsolat.php on line 56
[01-Apr-2026 11:21:33 Europe/Budapest] PHP Fatal error:  Uncaught mysqli_sql_exception: Access denied for user 'root'@'localhost' in /home/autoberl/domains/autoberlo24.hu/public_html/php/adatbaziskapcsolat.php:56
Stack trace:
#0 /home/autoberl/domains/autoberlo24.hu/public_html/php/adatbaziskapcsolat.php(56): mysqli_connect()
#1 /home/autoberl/domains/autoberlo24.hu/public_html/php/adatbaziskapcsolat.php(7): adatbazis_kapcsolat->_kapcsolodas()
#2 /home/autoberl/domains/autoberlo24.hu/public_html/php/restapi.php(16): include('...')
#3 {main}
  thrown in /home/autoberl/domains/autoberlo24.hu/public_html/php/adatbaziskapcsolat.php on line 56
[01-Apr-2026 11:21:37 Europe/Budapest] PHP Fatal error:  Uncaught mysqli_sql_exception: Access denied for user 'root'@'localhost' in /home/autoberl/domains/autoberlo24.hu/public_html/php/adatbaziskapcsolat.php:56
Stack trace:
<<<<<<< Updated upstream
#0 C:\xampp\htdocs\autoberles\index.php(132): include()
#1 {main}
  thrown in C:\xampp\htdocs\autoberles\php\foglalasfelvetel.php on line 31
[01-Mar-2026 09:56:45 Europe/Budapest] PHP Fatal error:  Cannot declare class adatbazis_kapcsolat, because the name is already in use in C:\xampp\htdocs\autoberles\php\adatbaziskapcsolat.php on line 9
[01-Mar-2026 09:57:29 Europe/Budapest] PHP Fatal error:  Cannot declare class adatbazis_kapcsolat, because the name is already in use in C:\xampp\htdocs\autoberles\php\adatbaziskapcsolat.php on line 9
[01-Mar-2026 18:43:07 Europe/Budapest] PHP Fatal error:  Uncaught mysqli_sql_exception: Unknown column 'szallithato_szemelyek' in 'field list' in C:\xampp\htdocs\autoberles\php\jarmuvek.php:151
Stack trace:
#0 C:\xampp\htdocs\autoberles\php\jarmuvek.php(151): mysqli_query(Object(mysqli), 'SELECT auto_id,...')
#1 C:\xampp\htdocs\autoberles\html\autoklista.html(30): autok->autok_mejelenites()
#2 C:\xampp\htdocs\autoberles\index.php(221): include('C:\\xampp\\htdocs...')
#3 {main}
  thrown in C:\xampp\htdocs\autoberles\php\jarmuvek.php on line 151
[01-Mar-2026 18:43:38 Europe/Budapest] PHP Fatal error:  Uncaught mysqli_sql_exception: Unknown column 'szallithato_szemelyek' in 'field list' in C:\xampp\htdocs\autoberles\php\jarmuvek.php:151
Stack trace:
#0 C:\xampp\htdocs\autoberles\php\jarmuvek.php(151): mysqli_query(Object(mysqli), 'SELECT auto_id,...')
#1 C:\xampp\htdocs\autoberles\html\autoklista.html(30): autok->autok_mejelenites()
#2 C:\xampp\htdocs\autoberles\index.php(173): include('C:\\xampp\\htdocs...')
#3 {main}
  thrown in C:\xampp\htdocs\autoberles\php\jarmuvek.php on line 151
[01-Mar-2026 18:44:10 Europe/Budapest] PHP Fatal error:  Uncaught mysqli_sql_exception: Unknown column 'szallithato_szemelyek' in 'field list' in C:\xampp\htdocs\autoberles\php\jarmuvek.php:151
Stack trace:
#0 C:\xampp\htdocs\autoberles\php\jarmuvek.php(151): mysqli_query(Object(mysqli), 'SELECT auto_id,...')
#1 C:\xampp\htdocs\autoberles\html\autoklista.html(30): autok->autok_mejelenites()
#2 C:\xampp\htdocs\autoberles\index.php(173): include('C:\\xampp\\htdocs...')
#3 {main}
  thrown in C:\xampp\htdocs\autoberles\php\jarmuvek.php on line 151
[01-Mar-2026 18:44:51 Europe/Budapest] PHP Fatal error:  Uncaught mysqli_sql_exception: Unknown column 'szallithato_szemelyek' in 'field list' in C:\xampp\htdocs\autoberles\php\jarmuvek.php:151
Stack trace:
#0 C:\xampp\htdocs\autoberles\php\jarmuvek.php(151): mysqli_query(Object(mysqli), 'SELECT auto_id,...')
#1 C:\xampp\htdocs\autoberles\html\autoklista.html(30): autok->autok_mejelenites()
#2 C:\xampp\htdocs\autoberles\index.php(221): include('C:\\xampp\\htdocs...')
#3 {main}
  thrown in C:\xampp\htdocs\autoberles\php\jarmuvek.php on line 151
[01-Mar-2026 18:46:22 Europe/Budapest] PHP Fatal error:  Uncaught mysqli_sql_exception: Unknown column 'szallithato_szemelyek' in 'field list' in C:\xampp\htdocs\autoberles\php\jarmuvek.php:151
Stack trace:
#0 C:\xampp\htdocs\autoberles\php\jarmuvek.php(151): mysqli_query(Object(mysqli), 'SELECT auto_id,...')
#1 C:\xampp\htdocs\autoberles\html\autoklista.html(30): autok->autok_mejelenites()
#2 C:\xampp\htdocs\autoberles\index.php(173): include('C:\\xampp\\htdocs...')
#3 {main}
  thrown in C:\xampp\htdocs\autoberles\php\jarmuvek.php on line 151
=======
#0 /home/autoberl/domains/autoberlo24.hu/public_html/php/adatbaziskapcsolat.php(56): mysqli_connect()
#1 /home/autoberl/domains/autoberlo24.hu/public_html/php/adatbaziskapcsolat.php(7): adatbazis_kapcsolat->_kapcsolodas()
#2 /home/autoberl/domains/autoberlo24.hu/public_html/php/restapi.php(16): include('...')
#3 {main}
  thrown in /home/autoberl/domains/autoberlo24.hu/public_html/php/adatbaziskapcsolat.php on line 56
[01-Apr-2026 11:53:53 Europe/Budapest] PHP Parse error:  syntax error, unexpected token "public" in /home/autoberl/domains/autoberlo24.hu/public_html/php/foglalaskezeles.php on line 251
[01-Apr-2026 11:55:11 Europe/Budapest] PHP Parse error:  syntax error, unexpected token "public" in /home/autoberl/domains/autoberlo24.hu/public_html/php/foglalaskezeles.php on line 250
[01-Apr-2026 11:58:13 Europe/Budapest] PHP Parse error:  syntax error, unexpected token "if", expecting "function" in /home/autoberl/domains/autoberlo24.hu/public_html/php/foglalaskezeles.php on line 110
[01-Apr-2026 12:00:20 Europe/Budapest] PHP Parse error:  syntax error, unexpected token "if", expecting "function" in /home/autoberl/domains/autoberlo24.hu/public_html/php/foglalaskezeles.php on line 110
[01-Apr-2026 20:46:52 Europe/Budapest] PHP Warning:  Undefined variable $berloneve in /home/autoberl/domains/autoberlo24.hu/public_html/php/foglalaskezeles.php on line 175
[01-Apr-2026 20:46:52 Europe/Budapest] PHP Warning:  Undefined variable $jarmurendszam in /home/autoberl/domains/autoberlo24.hu/public_html/php/foglalaskezeles.php on line 177
[01-Apr-2026 20:46:52 Europe/Budapest] PHP Warning:  Undefined variable $berleskezdete in /home/autoberl/domains/autoberlo24.hu/public_html/php/foglalaskezeles.php on line 178
[01-Apr-2026 20:46:52 Europe/Budapest] PHP Warning:  Undefined variable $berlesvege in /home/autoberl/domains/autoberlo24.hu/public_html/php/foglalaskezeles.php on line 179
[01-Apr-2026 20:49:10 Europe/Budapest] PHP Warning:  Undefined variable $berloneve in /home/autoberl/domains/autoberlo24.hu/public_html/php/foglalaskezeles.php on line 175
[01-Apr-2026 20:49:10 Europe/Budapest] PHP Warning:  Undefined variable $jarmurendszam in /home/autoberl/domains/autoberlo24.hu/public_html/php/foglalaskezeles.php on line 177
[01-Apr-2026 20:49:10 Europe/Budapest] PHP Warning:  Undefined variable $berleskezdete in /home/autoberl/domains/autoberlo24.hu/public_html/php/foglalaskezeles.php on line 178
[01-Apr-2026 20:49:10 Europe/Budapest] PHP Warning:  Undefined variable $berlesvege in /home/autoberl/domains/autoberlo24.hu/public_html/php/foglalaskezeles.php on line 179
[01-Apr-2026 20:50:09 Europe/Budapest] PHP Warning:  Undefined variable $berloneve in /home/autoberl/domains/autoberlo24.hu/public_html/php/foglalaskezeles.php on line 175
[01-Apr-2026 20:50:09 Europe/Budapest] PHP Warning:  Undefined variable $jarmurendszam in /home/autoberl/domains/autoberlo24.hu/public_html/php/foglalaskezeles.php on line 177
[01-Apr-2026 20:50:09 Europe/Budapest] PHP Warning:  Undefined variable $berleskezdete in /home/autoberl/domains/autoberlo24.hu/public_html/php/foglalaskezeles.php on line 178
[01-Apr-2026 20:50:09 Europe/Budapest] PHP Warning:  Undefined variable $berlesvege in /home/autoberl/domains/autoberlo24.hu/public_html/php/foglalaskezeles.php on line 179
>>>>>>> Stashed changes
